docs/reports/2026-09-29-regime-vocab-validacao-externa-preregistro.md	10825	c9b1cbdde11f27f377003203d4d9c7fffc30245268217b22934b28b2ff99aed7
docs/reports/_harness-2026-09-04/c1-3/validacao_externa_29-09/errata_diagnostico_pos_gold.md	3181	c6ef4d31ef4c51c1b6e60266fd1971bb46ba918294f273c54660bfd21c4e48a9
docs/reports/_harness-2026-09-04/c1-3/validacao_externa_29-09/generico/avaliador.py	34042	5149e9f69fb952d5b07a7f14cc3eb4c46128ba542c8d7b729f36013baf6be7dc
docs/reports/_harness-2026-09-04/c1-3/validacao_externa_29-09/generico/captura.py	73362	abc092f27ffdeee236a9c62155acd3fb6b4be095f28df206ab0cf7455fc5f69d
docs/reports/_harness-2026-09-04/c1-3/validacao_externa_29-09/generico/comum.py	29781	b7cf0522ab1f2241ba820f4cd803f9e74c7bcc17d1385ee9a108ac40b5019c29
docs/reports/_harness-2026-09-04/c1-3/validacao_externa_29-09/generico/diff_vocab_limpo_para_generico.patch	100288	657830b0e537cfa912ffc3cc0f8981ed2133f13c8125e9518dd5c9e27ee2195d
docs/reports/_harness-2026-09-04/c1-3/validacao_externa_29-09/generico/equivalencia.py	2247	8ec783f34b5c3d4e0ac3692dab34764d6b66fb09927399c6fa0bc43540b68b60
docs/reports/_harness-2026-09-04/c1-3/validacao_externa_29-09/generico/gold_externo.py	6595	ceb33e816b263c89230612a251b6270f8cb3bad826038301079b156a5ab13978
docs/reports/_harness-2026-09-04/c1-3/validacao_externa_29-09/generico/limpo.py	32352	2a9684b5617dc41f204c54565f5ff10663ed816dedf0da4734be8f8d5fcd6973
docs/reports/_harness-2026-09-04/c1-3/validacao_externa_29-09/generico/log_testes_generico.txt	184	d7e284b934d4ddcf278048d3f914eb7b204e989e52086a1157ad76107e66e903
docs/reports/_harness-2026-09-04/c1-3/validacao_externa_29-09/generico/roda_controlado.py	1412	0864cee3b834abf2775ed725bcdde253932a0262e68886d30538c0caeea3712b
docs/reports/_harness-2026-09-04/c1-3/validacao_externa_29-09/generico/rodada.py	5648	8cb8707a8bd1477be75aef6891ac1c75f1c91183b36b287cb805fe749d1514a9
docs/reports/_harness-2026-09-04/c1-3/validacao_externa_29-09/generico/rodada_modelo_validacao_externa.json	2681	486716a700921974c271577c63570469867b3d555760f024f0f243239415ad18
docs/reports/_harness-2026-09-04/c1-3/validacao_externa_29-09/generico/rodada_vl_equivalente.json	8122	83d2645976f18b8887af652cbc72f0afc87cfb6d5fb856a5a68026193762f229
docs/reports/_harness-2026-09-04/c1-3/validacao_externa_29-09/generico/sanidade.py	8257	8e0337704dff7d2744be76d1bde6424d19997baea66dd7da73b80e2ca74bff4e
docs/reports/_harness-2026-09-04/c1-3/validacao_externa_29-09/generico/test_ajustes_v5.py	8959	1027f16dd44c2fe830bd64ec7b4cdfde69bb9b6527bbdebeaebfc352740a54f4
docs/reports/_harness-2026-09-04/c1-3/validacao_externa_29-09/generico/test_defeitos_v4.py	17284	17012701f669271c75cf8fccf4485c52020f389484277f296c157813ae2711bd
docs/reports/_harness-2026-09-04/c1-3/validacao_externa_29-09/generico/test_generico.py	19942	bb3ecbfd54b84eebb71106beb8c27a0f3353c16b318444035343770b409b1df7
docs/reports/_harness-2026-09-04/c1-3/validacao_externa_29-09/generico/test_wad4.py	37075	d57a87ba1fe1cb04a8da88a4f110f84dde46110a87851b662e317876bf002017
docs/reports/_harness-2026-09-04/c1-3/validacao_externa_29-09/gitleaks/log_testes_gitleaks.txt	100	37d5dcce988e8b5b76db126ee16f12373f3209f858c9c969be52b093bf64ab70
docs/reports/_harness-2026-09-04/c1-3/validacao_externa_29-09/gitleaks/test_gitleaks_excecao.py	3540	def01ecb68f578fc50ae8520a6e78614e38c6a4e18e1982441140bccbfbf41de
docs/reports/_harness-2026-09-04/c1-3/validacao_externa_29-09/gold/gold_schema.json	1649	3be531d94e7f2db6bc5ba5177fe9d6e5f8e468337e5d98709592a2925daf4bd9
docs/reports/_harness-2026-09-04/c1-3/validacao_externa_29-09/gold/gold_schema.md	2852	bbacd5430ae0454a54a1fe4521eab682fb6814a99b18e6966b6ddca9a48ebd12
docs/reports/_harness-2026-09-04/c1-3/validacao_externa_29-09/gold/instrucoes_adjudicador.md	4591	16612dfbd5668bb98614d00b60140a8831b8c14919f88f737290a0b0435d84e0
docs/reports/_harness-2026-09-04/c1-3/validacao_externa_29-09/manifesto_preparacao.json	12016	e54b184be23b2ea5248653763c9dbbd035571e61ca16e5a49dc3fe31a350de71
docs/reports/_harness-2026-09-04/c1-3/validacao_externa_29-09/pacote_cego/estrutura_pacote_cego.md	4246	3a3a9779039a5034621787334146ac5e33450cfd60e742aa8be8a52b50b9e32c
docs/reports/_harness-2026-09-04/c1-3/validacao_externa_29-09/pacote_cego/exemplo_sintetico/fonte/Curso-Sintetico-Tutor/manifest.json	207	f57c99a741cb89eba73e79c2d705767c1462ce8da3eb8ac347de8746f9eb5703
docs/reports/_harness-2026-09-04/c1-3/validacao_externa_29-09/pacote_cego/exemplo_sintetico/fonte/Moodle/curso-sintetico/links.json	229	2e1bfe9ea998ca12829bdaf3000e0191850dad8cba3ab1f43e5132c237fab24a
docs/reports/_harness-2026-09-04/c1-3/validacao_externa_29-09/pacote_cego/exemplo_sintetico/fonte/Moodle/curso-sintetico/manual-review/links.md	30	45751001417c384b437ac7e3f27cd91c349c65701a416f8aeda4af52d4680643
docs/reports/_harness-2026-09-04/c1-3/validacao_externa_29-09/pacote_cego/exemplo_sintetico/fonte/Moodle/curso-sintetico/raw/moodle/contents.json	1433	46003c5982e97a9e2c390baa91de1a7029609615a424b728d3a449dc5536e97c
docs/reports/_harness-2026-09-04/c1-3/validacao_externa_29-09/pacote_cego/exemplo_sintetico/fonte/Moodle/curso-sintetico/raw/moodle/labels.json	206	fd93663ca3ba879fd80dfbe46020cb3f4369d67d989158b76414c4c752baeb4f
docs/reports/_harness-2026-09-04/c1-3/validacao_externa_29-09/pacote_cego/exemplo_sintetico/fonte/Moodle/curso-sintetico/raw/moodle/pages/501-tutorial.html	34	a73fedf1b7afc429225646f302b418a6e89eed62a3a62bea4f8693c1ceba8e2a
docs/reports/_harness-2026-09-04/c1-3/validacao_externa_29-09/pacote_cego/exemplo_sintetico/fonte/Moodle/curso-sintetico/stash/.moodle_nomes.json	177	c3fd59d0b33d3ec791f33c02105346e70e854183354bb1e68dc2cbdce87730dc
docs/reports/_harness-2026-09-04/c1-3/validacao_externa_29-09/pacote_cego/exemplo_sintetico/fonte/plano/plano.md	338	e9d41a8028b2f16e4e24aca4d51c32a110c98042d217d9612d9458b0748ed86b
docs/reports/_harness-2026-09-04/c1-3/validacao_externa_29-09/pacote_cego/exemplo_sintetico/pacote/INSTRUCOES.md	4591	16612dfbd5668bb98614d00b60140a8831b8c14919f88f737290a0b0435d84e0
docs/reports/_harness-2026-09-04/c1-3/validacao_externa_29-09/pacote_cego/exemplo_sintetico/pacote/declaracao_cegamento.md	502	dad0c1ebc9cf528279290d0b2e52caa20762226d19359b2a1530637b9983ca39
docs/reports/_harness-2026-09-04/c1-3/validacao_externa_29-09/pacote_cego/exemplo_sintetico/pacote/gold_modelo.csv	119	ab50cf6cfa90b54026cd3fff9ba86d186580be3c4fd58577429756007cf0df15
docs/reports/_harness-2026-09-04/c1-3/validacao_externa_29-09/pacote_cego/exemplo_sintetico/pacote/materiais.json	2078	cdf6a30c9d23b43dd572fbd5160ed6d2b0a20e11ff63cb5c23b77bb2673800be
docs/reports/_harness-2026-09-04/c1-3/validacao_externa_29-09/pacote_cego/exemplo_sintetico/pacote/materiais/m2d90fb98a677__501-tutorial.html	34	a73fedf1b7afc429225646f302b418a6e89eed62a3a62bea4f8693c1ceba8e2a
docs/reports/_harness-2026-09-04/c1-3/validacao_externa_29-09/pacote_cego/exemplo_sintetico/pacote/moodle_estrutura.json	946	41d95d7bf688a3923666ddb56ed9153ceca930b8d04dac1babbc9669538d8e8b
docs/reports/_harness-2026-09-04/c1-3/validacao_externa_29-09/pacote_cego/exemplo_sintetico/pacote/pacote_manifesto.json	3169	6cb66227b8b0c9cde63eecc636af6558052587af50463b5d82ab901a8e59d08e
docs/reports/_harness-2026-09-04/c1-3/validacao_externa_29-09/pacote_cego/exemplo_sintetico/pacote/plano/plano_texto.md	338	e9d41a8028b2f16e4e24aca4d51c32a110c98042d217d9612d9458b0748ed86b
docs/reports/_harness-2026-09-04/c1-3/validacao_externa_29-09/pacote_cego/exemplo_sintetico/pacote/rotulos.json	1148	eb1f6556ac98ef8dfdfaa811d1b7799304013d38a5b2096c53e11fccabc7093e
docs/reports/_harness-2026-09-04/c1-3/validacao_externa_29-09/pacote_cego/exemplo_sintetico/resultado_auditoria.json	97	2cab34f0442c4d380b6fdfc2a157e994c0a0ba437a62ac95316faabe8e1519de
docs/reports/_harness-2026-09-04/c1-3/validacao_externa_29-09/pacote_cego/gera_exemplo_sintetico.py	1258	8da26238ba8d676f54997acdda69ac2256cf4bee4ee1c938a38741dd29fc6c50
docs/reports/_harness-2026-09-04/c1-3/validacao_externa_29-09/pacote_cego/gera_pacote_cego.py	20220	640049aac9327e87708c1406ce5c20f32957986bc05441dd263b9e0e22350e99
docs/reports/_harness-2026-09-04/c1-3/validacao_externa_29-09/pacote_cego/log_testes_pacote_cego.txt	101	bc10da7ce3b03f2df7ed8773424ce725590130f753063a5cabaedbe1bdac04e1
docs/reports/_harness-2026-09-04/c1-3/validacao_externa_29-09/pacote_cego/manifesto_pacotes_reais.json	286	581bf6ccb75053315dde206f64566eb48a09d51ef74f218839949df2d31b9ecd
docs/reports/_harness-2026-09-04/c1-3/validacao_externa_29-09/pacote_cego/test_pacote_cego.py	10516	702a3a9ad3f957eaa6a50b4d6b2b77b51863d0d7ecb50e826edc7df2d96c881e
docs/reports/_harness-2026-09-04/c1-3/validacao_externa_29-09/politicas.md	4923	f699cfd236f6781b810458724478c8fb63e24e5dacdf0d0358d00a2879e7d81e
docs/reports/_harness-2026-09-04/c1-3/validacao_externa_29-09/populacao/enumera_candidatos.py	14032	d9f27a6bf8a598ce564a68ff7689253febaaf0b1d767b5327d67e79aadbd414e
docs/reports/_harness-2026-09-04/c1-3/validacao_externa_29-09/populacao/populacao_candidata.json	29577	fc7cf53df4b09c339557795dd2e414b83e4b3f9f34a3ec41c1c134b751f18ac0
docs/reports/_harness-2026-09-04/c1-3/validacao_externa_29-09/populacao/populacao_candidata.md	2820	8039452a8057cdd8945731fd2836ef45e22b37e13e90e6f8f20170789c0a227f
docs/reports/_harness-2026-09-04/c1-3/validacao_externa_29-09/populacao/regra_selecao.md	3654	019e1a8941c3621faf125d5d63365c1b1d1d80b247ffe3435e089fd0cb9b42e8
docs/reports/_harness-2026-09-04/c1-3/validacao_externa_29-09/relatorio_preparacao.md	8939	bc8f4e19de46a83d0e5ed7a8a4441d3f2aa89a502c8ad212427fd3967a142cb1
docs/reports/_harness-2026-09-04/c1-3/validacao_externa_etapa2_29-09/aquisicao/adquire.py	15513	6c850c12185056aa368c6c5cdd6e33c54ac807420c4afa0ba8ad6b44f010eae5
docs/reports/_harness-2026-09-04/c1-3/validacao_externa_etapa2_29-09/aquisicao/candidatos_lote_29-09.json	2724	0ee9f9f1108c0e98c33a511d27cba806db4d549bf30528f14d1efe0f80b655a0
docs/reports/_harness-2026-09-04/c1-3/validacao_externa_etapa2_29-09/aquisicao/catalogo.json	8183	7f7e79ffe34747ffb19ab9be509a15426a42e7544ab3b6960424f2750ceb0871
docs/reports/_harness-2026-09-04/c1-3/validacao_externa_etapa2_29-09/aquisicao/fontes_congeladas.json	38707	cfc255e296d0aea2136aabdeedbfe8e68ad5f6f1e18e39d353a88c109de08762
docs/reports/_harness-2026-09-04/c1-3/validacao_externa_etapa2_29-09/aquisicao/inventario_downloads.json	148260	d5098196eac9b7bc4e51040ff3746f479e9e55b5e741819a1e9fe916a8a1d6a3
docs/reports/_harness-2026-09-04/c1-3/validacao_externa_etapa2_29-09/aquisicao/log_baixar.txt	791	1802b1c26f795169421374420f27d5477528a69f0f7a2a83a005133eb8dbe4dc
docs/reports/_harness-2026-09-04/c1-3/validacao_externa_etapa2_29-09/aquisicao/manifesto_aquisicao.json	3845	e0c541cc33661eae5009298d2765f3d933131956b4cfe1d2d2bde9a3ea958535
docs/reports/_harness-2026-09-04/c1-3/validacao_externa_etapa2_29-09/aquisicao/populacao_candidatos_lote_29-09.json	12040	905756542278323396730a70a8dfb6f1296c849eb5f5f978a87d71d18a23a168
docs/reports/_harness-2026-09-04/c1-3/validacao_externa_etapa2_29-09/aquisicao/populacao_candidatos_lote_29-09.md	1619	786ce9603c4816174441cf5841e92bce48d5781b292a3a2c8343d55148bd6692
docs/reports/_harness-2026-09-04/c1-3/validacao_externa_etapa2_29-09/aquisicao/triagem.json	10413	88306e61f6c4c6250d38cda3a821917004360ec6b5f7ea3e909311be6c0bc43a
docs/reports/_harness-2026-09-04/c1-3/validacao_externa_etapa2_29-09/correcoes/pacote_cego/diff_gerador_v1_v2.patch	29300	ef11d1498a69e510249936b6fd6693ffe7d0bf3138a361493a0a83623e428184
docs/reports/_harness-2026-09-04/c1-3/validacao_externa_etapa2_29-09/correcoes/pacote_cego/diff_testes_herdados_v1_v2.patch	1915	d0096213064d7dabb1a575fb7060f72ec07a908abb7830d3f2fecec6f2efc65f
docs/reports/_harness-2026-09-04/c1-3/validacao_externa_etapa2_29-09/correcoes/pacote_cego/gera_pacote_cego.py	28108	e2fe9b0743acb37ecd33c6acd62ce16569bda9ad0fff295604d545b2c00645b9
docs/reports/_harness-2026-09-04/c1-3/validacao_externa_etapa2_29-09/correcoes/pacote_cego/log_testes.txt	101	68ebfd222082717bc82b053b15fce3c9ab5719af93082ad6b98d0690e486a410
docs/reports/_harness-2026-09-04/c1-3/validacao_externa_etapa2_29-09/correcoes/pacote_cego/test_pacote_cego.py	10990	aef9f193c9bc7197999a6aa1ebaf1c2f93bf60a8210ed8bbd0bd5f1327a585f8
docs/reports/_harness-2026-09-04/c1-3/validacao_externa_etapa2_29-09/correcoes/pacote_cego/test_pacote_cego_v2.py	7170	799456f175399365e0b3213c9c90a43d9c2beef14c1bd7e5dc25abd9408112b6
docs/reports/_harness-2026-09-04/c1-3/validacao_externa_etapa2_29-09/correcoes/populacao/candidatos_29-09.json	4488	846a6fb34600e3275543cea61262ff8dc3ba92e318ec8fa7f6a7b82c286b419e
docs/reports/_harness-2026-09-04/c1-3/validacao_externa_etapa2_29-09/correcoes/populacao/diff_enumera_v1_v2.patch	23860	6a6a543cabfc781ef86783c24a31a67064b42969708ea3c1bf11640189b9e9f1
docs/reports/_harness-2026-09-04/c1-3/validacao_externa_etapa2_29-09/correcoes/populacao/enumera_candidatos.py	12992	7b99f60918bbb4ae277dea44edfd1655a901f2ebbd28cba033f17b71a0cd8a3b
docs/reports/_harness-2026-09-04/c1-3/validacao_externa_etapa2_29-09/correcoes/populacao/log_testes.txt	101	26009eb8b68eacd7f6184cfd810b86a947c6cddf55e098c9db089279eef379ed
docs/reports/_harness-2026-09-04/c1-3/validacao_externa_etapa2_29-09/correcoes/populacao/populacao_candidatos_29-09.json	27219	ee09dd7ebc013207bb553651ed6ee7933f5319e56c7c2d3a83604f46fe21d473
docs/reports/_harness-2026-09-04/c1-3/validacao_externa_etapa2_29-09/correcoes/populacao/populacao_candidatos_29-09.md	2869	c8d90477ffb2a8e43f6492a550ec0cd6d207e10a7f5b13a8a54204e290e5b76e
docs/reports/_harness-2026-09-04/c1-3/validacao_externa_etapa2_29-09/correcoes/populacao/test_enumera_candidatos.py	5926	600c183427abdf385f9a6f9b00317a24399d29acdf1209dcc65d095badc906d8
docs/reports/_harness-2026-09-04/c1-3/validacao_externa_etapa2_29-09/decisoes_pendentes.md	5487	fd99f0152048e5b8da8e07234ea0db178ba1526f6b1bfa6fcaf2ccb998701839
docs/reports/_harness-2026-09-04/c1-3/validacao_externa_etapa2_29-09/errata_relatorio_preparacao_29-09.md	1982	e1a7cbf91544aa815b6199f6fe71858f8484a70d4bf069bcf1f692ecbc6611c7
docs/reports/_harness-2026-09-04/c1-3/validacao_externa_etapa2_29-09/manifesto_etapa2.json	4074	3911a9756f844e3ba43312ce0c9f67bdca72bf2c36ef2ce9c2061728330c9f5a
docs/reports/_harness-2026-09-04/c1-3/validacao_externa_etapa2_29-09/relatorio_etapa2.md	7373	0874fd3f2368ce7229f6c8f58cdcbab8ecee0048bce7436e005c557808bf6730
docs/reports/_harness-2026-09-04/c1-3/validacao_externa_etapa3_29-09/conferencia/confere_fontes.py	7842	be35381e53ad1fa925631f3624bbeeb1772767ae8fa105bb593cd1e54053d383
docs/reports/_harness-2026-09-04/c1-3/validacao_externa_etapa3_29-09/conferencia/conferencia_fontes.json	14636	96da28dec0b88a0842c84edf291edb669d0fd47be915a67f28f6b530ede70dca
docs/reports/_harness-2026-09-04/c1-3/validacao_externa_etapa3_29-09/conferencia/conferencia_fontes.md	2714	8e0d6b2aee21b253fa11f7f7bc0d8433926249be3166717c46aa3105b1a938cc
docs/reports/_harness-2026-09-04/c1-3/validacao_externa_etapa3_29-09/correcoes/aquisicao/adquire.py	18901	139509ec34f439342d47536305624941e927336d491b5ad703d092d551f371f2
docs/reports/_harness-2026-09-04/c1-3/validacao_externa_etapa3_29-09/correcoes/aquisicao/test_adquire_v3.py	7829	c4522d21922a6b4caf96e206279e5a2b097bcd13c070c768b561fc123f02a16b
docs/reports/_harness-2026-09-04/c1-3/validacao_externa_etapa3_29-09/correcoes/diff_adquire_v2_v3.patch	19784	3849511427bddfd998bfaecacd12faae8b358501291aaedf41745f2fcc5abf71
docs/reports/_harness-2026-09-04/c1-3/validacao_externa_etapa3_29-09/correcoes/diff_gerador_v2_v3.patch	25733	265409c5c783c36409becb9ea827328923aa837be48849ae654306a5e6602bdb
docs/reports/_harness-2026-09-04/c1-3/validacao_externa_etapa3_29-09/correcoes/diff_testes_herdados_v2_v3.patch	3306	67f0cb7c9759becacdb6b3009c2e12363512d5901a140db5a8bce45786f55cd4
docs/reports/_harness-2026-09-04/c1-3/validacao_externa_etapa3_29-09/correcoes/pacote_cego/gera_pacote_cego.py	38493	66a8bdabd65bc7b38f1b4c95dd260429557c8a5812206c8600a26455cef17633
docs/reports/_harness-2026-09-04/c1-3/validacao_externa_etapa3_29-09/correcoes/pacote_cego/test_pacote_cego.py	11102	0b97471b1c37c151b6c4a816f836ea17f3a649a958fc71fe296d18ab697bf3a1
docs/reports/_harness-2026-09-04/c1-3/validacao_externa_etapa3_29-09/correcoes/pacote_cego/test_pacote_cego_v2.py	7971	20f64af3d2f1e4f64941d9e54a6b18615c3828aadae8178bb9d3138348172dd4
docs/reports/_harness-2026-09-04/c1-3/validacao_externa_etapa3_29-09/correcoes/pacote_cego/test_pacote_cego_v3.py	11608	7f36dceb0b004573d934b76c49b9ade86fd71a16fac69037fdd90982edd69186
docs/reports/_harness-2026-09-04/c1-3/validacao_externa_etapa3_29-09/correcoes/reprodutores_v2_v3.json	2355	022a9a43c2365b9a245057164a8f437f2df4cba46267e9ff6de43d9cb1d38116
docs/reports/_harness-2026-09-04/c1-3/validacao_externa_etapa3_29-09/correcoes/reproduz_casos_revisao.py	6003	bc70b009de8bc920b666d0206dea564c2bf549400af11263c80d5b7bbd5703ec
docs/reports/_harness-2026-09-04/c1-3/validacao_externa_etapa3_29-09/exposicao/entrada_exposicao.json	903	c90d92ba0ccb6543cf6e5c339c0373b2ac45067231d4402d67723ae76f513ca8
docs/reports/_harness-2026-09-04/c1-3/validacao_externa_etapa3_29-09/exposicao/exposicao_local.json	120124	034cbbfbedaebd5f35c1343b7fa2c37036f5f4b60e71dbeacbb221fd423a0a7a
docs/reports/_harness-2026-09-04/c1-3/validacao_externa_etapa3_29-09/exposicao/exposicao_local_divulgacao.json	123520	2000da3e6def515761e733cf0dda4d2168a45c5db22043698cfecdef9173916e
docs/reports/_harness-2026-09-04/c1-3/validacao_externa_etapa3_29-09/exposicao/resumo_exposicao.md	4211	5f8534305255e54ec39dc16163efa41ec541fff9248c5f2fc9e58f7709ecbb8d
docs/reports/_harness-2026-09-04/c1-3/validacao_externa_etapa3_29-09/exposicao/test_verifica_exposicao.py	3151	d1c3ce5bce92e3663feb8b1f99be0fc95d864dd7aa25dabfd2f05566a88ab21f
docs/reports/_harness-2026-09-04/c1-3/validacao_externa_etapa3_29-09/exposicao/verifica_exposicao.py	8414	d668bfac174df93f2b75cd9e5f607d364dcaea20d3160e74ed1ba69c3440de7c
docs/reports/_harness-2026-09-04/c1-3/validacao_externa_etapa3_29-09/log_testes_etapa3.txt	7572	59abf7b92f57ca938b61d67386b1c0a35d3cd63d14b34b30ac39aa26e5c9c8a1
docs/reports/_harness-2026-09-04/c1-3/validacao_externa_etapa3_29-09/manifesto_etapa3.json	4146	b878d31cd8eb25e5f4e2ba15f176903b6ea4b9c3636199ad2f0ed8917e041306
docs/reports/_harness-2026-09-04/c1-3/validacao_externa_etapa3_29-09/manifesto_etapa3.py	1731	591882da4535b2f12631ea495ffc41850ed9a87084ab17dd2718baba90c96b96
docs/reports/_harness-2026-09-04/c1-3/validacao_externa_etapa3_29-09/proposta_normativa_populacao.md	10220	7b7ae86034dd2fdac8b5f13064f7f39e2626ff2df07465e7d570043830c73167
docs/reports/_harness-2026-09-04/c1-3/validacao_externa_etapa3_29-09/registro/catalogo_divulgacao.json	8767	387380e8e8ea303f31b9fb6ce3f593cb25bb998364857ab63ae3710fd378f5e0
docs/reports/_harness-2026-09-04/c1-3/validacao_externa_etapa3_29-09/registro/nota_registro_29-09.md	2070	6c5a6f6d7f7417339a87cb1a2767fea8c8b44efdec66a5f46dfde53f025f0377
docs/reports/_harness-2026-09-04/c1-3/validacao_externa_etapa3_29-09/registro/redige_divulgacao.py	2969	8d6529395df641db949003bd1a81d46824261627bdbc6a800e8097d278bc2fd2
docs/reports/_harness-2026-09-04/c1-3/validacao_externa_etapa3_29-09/registro/triagem_divulgacao.json	10990	7d051a2036933e81e73cf989c669c229e33ec685d8712d806adeb42d08102162
docs/reports/_harness-2026-09-04/c1-3/validacao_externa_etapa3_29-09/relatorio_etapa3.md	11021	930d05b1c9a1d62a5738cfd57be0a2a69eaf49a551660e3da27438b9cddb1085
docs/reports/_harness-2026-09-04/c1-3/validacao_externa_etapa3_correcoes_29-09/conferencia/confere_fontes.py	8212	554d1baced869b2382471bea6014f340c9b67ca82329226cf7dcc1a109b5ad21
docs/reports/_harness-2026-09-04/c1-3/validacao_externa_etapa3_correcoes_29-09/conferencia/confere_tamanhos.py	3158	ec714116b514d7e651fdee6d9e869196fa66a4a4a50d8e29ba8db245e4e4a5c5
docs/reports/_harness-2026-09-04/c1-3/validacao_externa_etapa3_correcoes_29-09/conferencia/conferencia_fontes.json	14713	68c79a947aaa416122966c68e3c27c7e3982bebd114dc7a7c1fb4bee9796b1b2
docs/reports/_harness-2026-09-04/c1-3/validacao_externa_etapa3_correcoes_29-09/conferencia/conferencia_tamanhos.json	1287	057c1a1965d5fcc251c622f41507109bc639b27b8850cd4954a99e3d1c956364
docs/reports/_harness-2026-09-04/c1-3/validacao_externa_etapa3_correcoes_29-09/conferencia/test_confere_fontes.py	2586	c4cc8b54808807ead564b9ab5f5e92d7c8b594e7f6b3245b7ecc714ab100e46b
docs/reports/_harness-2026-09-04/c1-3/validacao_externa_etapa3_correcoes_29-09/correcoes/aquisicao/adquire.py	22715	ceca5f52f392f3dcc33e37ef35428fd24349166107e2f136da767d1c83abee25
docs/reports/_harness-2026-09-04/c1-3/validacao_externa_etapa3_correcoes_29-09/correcoes/aquisicao/test_adquire_v3.py	8225	be8b221bd162a99079676224016b175c16da70f139782eaef4b4c6c3aae11494
docs/reports/_harness-2026-09-04/c1-3/validacao_externa_etapa3_correcoes_29-09/correcoes/aquisicao/test_adquire_v4.py	7625	f2bf6eb39c5d79b5a92604e5990fd58d0f08022902ff72e7810e67b6caccd2ca
docs/reports/_harness-2026-09-04/c1-3/validacao_externa_etapa3_correcoes_29-09/correcoes/pacote_cego/gera_pacote_cego.py	46817	ca04561583fa578cc7f4d128a85b0382e65baec28416038b2a75a9206999762e
docs/reports/_harness-2026-09-04/c1-3/validacao_externa_etapa3_correcoes_29-09/correcoes/pacote_cego/test_pacote_cego.py	12363	69990d51573122997a94bcb85e5acdc9d21b00f27e63263164bcd2f696622c00
docs/reports/_harness-2026-09-04/c1-3/validacao_externa_etapa3_correcoes_29-09/correcoes/pacote_cego/test_pacote_cego_v2.py	7993	f1dd0f29b3851395adcd9ac4281a256587dfbe9d3a79d9ca9a29901576ca8396
docs/reports/_harness-2026-09-04/c1-3/validacao_externa_etapa3_correcoes_29-09/correcoes/pacote_cego/test_pacote_cego_v3.py	12039	d2ba9449c1dc4d85d6cd028a3a4b0319480da68c20fdbb2283c5dd6f9935e227
docs/reports/_harness-2026-09-04/c1-3/validacao_externa_etapa3_correcoes_29-09/correcoes/pacote_cego/test_pacote_cego_v4.py	13656	ee837d54789de3afc2ee42fc50ef4dbe4d0d30153a1838b4508833e0d303f876
docs/reports/_harness-2026-09-04/c1-3/validacao_externa_etapa3_correcoes_29-09/diffs/diff_adquire_v3_v4.patch	14790	564bb3d0f57d10c37f01d675353609844c0752afdedb1d5a56fc3ed3d6fbad5b
docs/reports/_harness-2026-09-04/c1-3/validacao_externa_etapa3_correcoes_29-09/diffs/diff_confere_fontes_v1_v2.patch	1949	63ba63126b9815f91b60c0a1e6f48c7a110dfda74db27c6df81695e46efb6238
docs/reports/_harness-2026-09-04/c1-3/validacao_externa_etapa3_correcoes_29-09/diffs/diff_gerador_v3_v4.patch	21674	78f80c114d4a0883b289ed743b3b25df0c9dfd60c639968777cfaab070fe1d6c
docs/reports/_harness-2026-09-04/c1-3/validacao_externa_etapa3_correcoes_29-09/diffs/diff_testes_herdados_v3_v4.patch	17918	26bed6d2e5531082cc5befeeb01770ae08eb86fd09b180b5beed174a3bc3c530
docs/reports/_harness-2026-09-04/c1-3/validacao_externa_etapa3_correcoes_29-09/diffs/diff_verifica_exposicao_v1_v2.patch	9709	7b32d07c704fe003acab6fa3c5680bdf4a682543a7bb340c3ce621376dd3e02a
docs/reports/_harness-2026-09-04/c1-3/validacao_externa_etapa3_correcoes_29-09/exposicao/entrada_exposicao.json	903	c90d92ba0ccb6543cf6e5c339c0373b2ac45067231d4402d67723ae76f513ca8
docs/reports/_harness-2026-09-04/c1-3/validacao_externa_etapa3_correcoes_29-09/exposicao/exposicao_local_v2.json	152141	1cf7fe29013fda3cfb1b0a033bfa0ce623686ed0c80dd8a18bc311fc6e4a5a8c
docs/reports/_harness-2026-09-04/c1-3/validacao_externa_etapa3_correcoes_29-09/exposicao/exposicao_local_v2_divulgacao.json	157112	e437d55381e14baa4ffc599e7a099a1dafaf5fcd1b1beab0a2789f91832d1155
docs/reports/_harness-2026-09-04/c1-3/validacao_externa_etapa3_correcoes_29-09/exposicao/resumo_exposicao_v2.md	3561	724baa83eace74146d4a27323a0400a8e65808558f29e525cd19ad9842192a38
docs/reports/_harness-2026-09-04/c1-3/validacao_externa_etapa3_correcoes_29-09/exposicao/test_verifica_exposicao.py	3151	d1c3ce5bce92e3663feb8b1f99be0fc95d864dd7aa25dabfd2f05566a88ab21f
docs/reports/_harness-2026-09-04/c1-3/validacao_externa_etapa3_correcoes_29-09/exposicao/test_verifica_exposicao_v2.py	4291	c2387d6ded045c511a0405f962b28b8ba8e190d30d70ef402f2f57e0ef423e05
docs/reports/_harness-2026-09-04/c1-3/validacao_externa_etapa3_correcoes_29-09/exposicao/verifica_exposicao.py	10096	fc36c8a71ef7a91ae1d85c63222bc27b23f385dcbff90a49b840a33452b0abb6
docs/reports/_harness-2026-09-04/c1-3/validacao_externa_etapa3_correcoes_29-09/issue_correcoes_etapa3.md	23587	65b563e6ab038f7b8d51051764d8f148c4cccbe77d6204eabc1755cd0f22c1cd
docs/reports/_harness-2026-09-04/c1-3/validacao_externa_etapa3_correcoes_29-09/logs/junit_regressao_etapa2_correcoes.xml	9446	a1f2d4f8ba9390cf28d02ae08e5bd49fb4ec1ab6598b91d37d59de19c4c87ecd
docs/reports/_harness-2026-09-04/c1-3/validacao_externa_etapa3_correcoes_29-09/logs/junit_regressao_etapa3_aquisicao_v3.xml	1451	84822c9d1d196162d6cf29e3efab05761008fa8358920d758b62aaacf0afea17
docs/reports/_harness-2026-09-04/c1-3/validacao_externa_etapa3_correcoes_29-09/logs/junit_regressao_etapa3_exposicao_v1.xml	1236	b0726e72541e979f9aa8fa29977183146f980ace1af80a22f500d7cce71a71de
docs/reports/_harness-2026-09-04/c1-3/validacao_externa_etapa3_correcoes_29-09/logs/junit_regressao_etapa3_pacote_cego_v3.xml	12874	2b9d9fc8a27a45f2961e13348c1953bbfcb56d50e7d6f1493a1c435946e9f183
docs/reports/_harness-2026-09-04/c1-3/validacao_externa_etapa3_correcoes_29-09/logs/junit_verde_aquisicao.xml	2399	78bd20646bfe371f08996090d10f10f74dc0638e5bb2a15fd1eafce402003b85
docs/reports/_harness-2026-09-04/c1-3/validacao_externa_etapa3_correcoes_29-09/logs/junit_verde_conferencia.xml	657	b2d82ebf85bf5bef70128f0b9152fcb2ac8d20d7e281bf13ff9f49824390d2e9
docs/reports/_harness-2026-09-04/c1-3/validacao_externa_etapa3_correcoes_29-09/logs/junit_verde_exposicao.xml	1459	6be16bbb1cbc02c08093326633c4c33a16e917e886e1a37540d8325c2a9490c3
docs/reports/_harness-2026-09-04/c1-3/validacao_externa_etapa3_correcoes_29-09/logs/junit_verde_pacote_cego.xml	8589	b4a9833e3cf1fc74bd5e25c0a78f5e9b5f6cc6d124f38ae6f751305c4bf383b8
docs/reports/_harness-2026-09-04/c1-3/validacao_externa_etapa3_correcoes_29-09/logs/junit_verde_pasta_aquisicao.xml	3666	3e05a24e1afa8da578c6c8595cdce85132275398fb9c69ac099061605c43eb79
docs/reports/_harness-2026-09-04/c1-3/validacao_externa_etapa3_correcoes_29-09/logs/junit_verde_pasta_conferencia.xml	657	0198d5c6fcf67d90cf86ffdb802df136df90b09aa6f1027a528e611f53453e3c
docs/reports/_harness-2026-09-04/c1-3/validacao_externa_etapa3_correcoes_29-09/logs/junit_verde_pasta_exposicao.xml	2502	4a1bf5a72c0ba80cbb91f304d572b6e1c33943b1035e1d0138e85153483a7376
docs/reports/_harness-2026-09-04/c1-3/validacao_externa_etapa3_correcoes_29-09/logs/junit_verde_pasta_pacote_cego.xml	22552	6c8da3d943dbb121142d2a87997af133de3832a875d76b4db20db32002b62b7e
docs/reports/_harness-2026-09-04/c1-3/validacao_externa_etapa3_correcoes_29-09/logs/junit_vermelho_aquisicao.xml	16121	cf9c7089f2ca6db956f51e871aad3c8767eea4828434941a538bfd06cf5cf6e6
docs/reports/_harness-2026-09-04/c1-3/validacao_externa_etapa3_correcoes_29-09/logs/junit_vermelho_conferencia.xml	2318	5a528a961ce0e2d08c9123a25a02da63bb235276a09b81ba31997a20e4f42442
docs/reports/_harness-2026-09-04/c1-3/validacao_externa_etapa3_correcoes_29-09/logs/junit_vermelho_exposicao.xml	7163	6d4ffacb0f2f0ba4f04fa6d014886a3a56e2a3896295f3757e42965467a4e473
docs/reports/_harness-2026-09-04/c1-3/validacao_externa_etapa3_correcoes_29-09/logs/junit_vermelho_pacote_cego.xml	26674	99cc725abb7268ea57aba67c60aac692137d9ddae8209206b3e1f5895a77b630
docs/reports/_harness-2026-09-04/c1-3/validacao_externa_etapa3_correcoes_29-09/logs/regressao_etapa2_correcoes.txt	4620	ccf5d66e8f844c334a8ce9498fc9569f187941f3ef8c9a51f919b71f52078e29
docs/reports/_harness-2026-09-04/c1-3/validacao_externa_etapa3_correcoes_29-09/logs/regressao_etapa3_aquisicao_v3.txt	613	eb93b7c229cc56d216ef12d3f82588c55a01b23c720c90a4e619913065866bbf
docs/reports/_harness-2026-09-04/c1-3/validacao_externa_etapa3_correcoes_29-09/logs/regressao_etapa3_exposicao_v1.txt	500	ba1aa62eba857a1a1b703d730160974406f1e59e382e9a6311d3050b3c17fe24
docs/reports/_harness-2026-09-04/c1-3/validacao_externa_etapa3_correcoes_29-09/logs/regressao_etapa3_pacote_cego_v3.txt	6314	c2ad0eff8effea00777b34ddc600cd33dc4311f5fd57634ea68732f7101b9e14
docs/reports/_harness-2026-09-04/c1-3/validacao_externa_etapa3_correcoes_29-09/logs/verde_novos_aquisicao.txt	721	f8a0a5a23cc8348ca0af0741d83d8c61710516d12bcc7bf00aa7f4a809b97442
docs/reports/_harness-2026-09-04/c1-3/validacao_externa_etapa3_correcoes_29-09/logs/verde_novos_conferencia.txt	183	ed10ca8691d4425638be875adc00939b0b51884df14e00b2bd1a7821c27bc86e
docs/reports/_harness-2026-09-04/c1-3/validacao_externa_etapa3_correcoes_29-09/logs/verde_novos_exposicao.txt	501	eaf5e57788287677dfab11f9f6121eae4af4a5dab641e80e233a803a4d598d50
docs/reports/_harness-2026-09-04/c1-3/validacao_externa_etapa3_correcoes_29-09/logs/verde_novos_pacote_cego.txt	3137	057354da8ec5403b9f839a5905751bdf521dcfe7b1df2179f171e7b03d97b1bd
docs/reports/_harness-2026-09-04/c1-3/validacao_externa_etapa3_correcoes_29-09/logs/verde_pasta_aquisicao.txt	1196	e0c76fe35630e29c31475d2ad725d69bbb5d3cdf6a20162961e8aa78a95d4bc5
docs/reports/_harness-2026-09-04/c1-3/validacao_externa_etapa3_correcoes_29-09/logs/verde_pasta_conferencia.txt	183	b2d2ff49f322f38bebad94884dfde57f7757ea856186bc164ad1ebf4b36e7d3e
docs/reports/_harness-2026-09-04/c1-3/validacao_externa_etapa3_correcoes_29-09/logs/verde_pasta_exposicao.txt	934	b1fee9bd0d309538901a10f5a2e799d0caf2198f7a4cd65b4a3e0f502b454fa6
docs/reports/_harness-2026-09-04/c1-3/validacao_externa_etapa3_correcoes_29-09/logs/verde_pasta_pacote_cego.txt	8212	70488f8d4f9bc2fad584644df64922af76a299f77afb3b58832e8a11f98b7081
docs/reports/_harness-2026-09-04/c1-3/validacao_externa_etapa3_correcoes_29-09/logs/vermelho_final_aquisicao.txt	970	41d91f77505692e343572d9c9cc537d439244fe75709f6118a5d4ad8ffae25bb
docs/reports/_harness-2026-09-04/c1-3/validacao_externa_etapa3_correcoes_29-09/logs/vermelho_final_conferencia.txt	207	0e23d36a44e7f2588c46c31f91c6fc5919b4f0334048636072b5805b311685ab
docs/reports/_harness-2026-09-04/c1-3/validacao_externa_etapa3_correcoes_29-09/logs/vermelho_final_exposicao.txt	561	5db0eeebd282268c22f756486445ad9f9e879b6148e63dedcaaa33118f58cf1d
docs/reports/_harness-2026-09-04/c1-3/validacao_externa_etapa3_correcoes_29-09/logs/vermelho_final_pacote_cego.txt	4005	61012751b49a4f9770c9a45f5ef239f451f5116fd1d25112fe848b0504275b9e
docs/reports/_harness-2026-09-04/c1-3/validacao_externa_etapa3_correcoes_29-09/logs/vermelho_inicial_aquisicao.txt	970	e20b84d34c132889531e3f610eb537daa5cac7b313cdf5cbcfeaf56635497b57
docs/reports/_harness-2026-09-04/c1-3/validacao_externa_etapa3_correcoes_29-09/logs/vermelho_inicial_conferencia.txt	285	7c9db464e3f05aec9c2182c69d6ec6036ab47476b06294c10e42b4c0c2310ec6
docs/reports/_harness-2026-09-04/c1-3/validacao_externa_etapa3_correcoes_29-09/logs/vermelho_inicial_exposicao.txt	561	810da9add96e5ed82fa8b64d493e8b0f3bb3059855a52cab85d90292c31bf9d2
docs/reports/_harness-2026-09-04/c1-3/validacao_externa_etapa3_correcoes_29-09/logs/vermelho_inicial_pacote_cego.txt	4005	d8a3717c47687587bd59c920a3c420f941667d515bc00073c7510a81e0fe7ea9
docs/reports/_harness-2026-09-04/c1-3/validacao_externa_etapa3_correcoes_29-09/manifesto_correcoes_etapa3.json	7733	dcb604a3f8703b720d974deeccbf1646adb2413a5b7533d542f5e6fc52799563
docs/reports/_harness-2026-09-04/c1-3/validacao_externa_etapa3_correcoes_29-09/manifesto_correcoes_etapa3.py	932	27e581b18143b2358a53b83f0a13f888f8cdc50ce91e831e8051660752eb6420
docs/reports/_harness-2026-09-04/c1-3/validacao_externa_etapa3_correcoes_29-09/proposta_normativa_populacao_p3_1.md	14396	b823bac7c2407f83158e8b8f9b59ed2c6c02e9f76930944fda6f3d0a7c628959
docs/reports/_harness-2026-09-04/c1-3/validacao_externa_etapa3_correcoes_29-09/registro/nota_registro_29-09_v2.md	2345	cf19ea35846d8b71d6c75dced14ab0a235a6de6f5b2dbbabf899daa2809e751f
docs/reports/_harness-2026-09-04/c1-3/validacao_externa_etapa3_correcoes_29-09/registro/redige_divulgacao_v2.py	1620	bea84f03a083e6ed94daf000f58ccfad2be618c9035b3ab2d74069e0ec896955
docs/reports/_harness-2026-09-04/c1-3/validacao_externa_etapa3_correcoes_29-09/relatorio_correcoes_etapa3.md	32484	6c7d277b131aa71b0560e558c2967e7533db990ac94b114062d1df0b0419f5e5
docs/reports/_harness-2026-09-04/c1-3/validacao_externa_etapa3_correcoes_29-09/reprodutores_pos_correcao_etapa3.json	16571	8ff0e7dd18b4cd8eb18c3459a92249b8b2912f7e7d84230b5508f7af3a38ec88
docs/reports/_harness-2026-09-04/c1-3/validacao_externa_etapa3_correcoes_29-09/roda_verificacao.py	14857	dcaab91fb2fdcaf8a39bd5307e57083c9c95d5766499d0dce886d4b511f9d083
docs/reports/_harness-2026-09-04/c1-3/validacao_externa_etapa3_correcoes_v5_29-09/correcoes/aquisicao/adquire.py	27897	f7549835202f108d78434a035b6a150e614c63021ae4b672dbc12a55dccd3031
docs/reports/_harness-2026-09-04/c1-3/validacao_externa_etapa3_correcoes_v5_29-09/correcoes/aquisicao/test_adquire_v3.py	8389	8a2bc6f54aa2bb8213b4e2e91418d59d64172f0f0d6b9823075c3453202313eb
docs/reports/_harness-2026-09-04/c1-3/validacao_externa_etapa3_correcoes_v5_29-09/correcoes/aquisicao/test_adquire_v4.py	7839	e0432904634b395d4f9a0cd88f7de949326928e34ae957ff921c18f0073e4a9b
docs/reports/_harness-2026-09-04/c1-3/validacao_externa_etapa3_correcoes_v5_29-09/correcoes/aquisicao/test_adquire_v5.py	14846	af6eb563dcdc12751c592447b062ac7ce8368674725258ad5e2cf79a6eb62071
docs/reports/_harness-2026-09-04/c1-3/validacao_externa_etapa3_correcoes_v5_29-09/correcoes/pacote_cego/gera_pacote_cego.py	48748	a88336eb489ebf66775f4bb8ae19ee04575f226f89ea4f5f2cd64e3e7b9fc26a
docs/reports/_harness-2026-09-04/c1-3/validacao_externa_etapa3_correcoes_v5_29-09/correcoes/pacote_cego/test_pacote_cego.py	12552	29a23de34d81f0ff933495e23ffc19c5fc3141528bf39c82ac4c99d197ec015f
docs/reports/_harness-2026-09-04/c1-3/validacao_externa_etapa3_correcoes_v5_29-09/correcoes/pacote_cego/test_pacote_cego_v2.py	7987	fc7d09221819ed3a32cdc8ed73672cc1c604059192dfe5e30a1b34af0996613b
docs/reports/_harness-2026-09-04/c1-3/validacao_externa_etapa3_correcoes_v5_29-09/correcoes/pacote_cego/test_pacote_cego_v3.py	12030	c6e738d0b9f5b8e4f376a910a73cea41cfedf79208e7f29f203120fadff109cb
docs/reports/_harness-2026-09-04/c1-3/validacao_externa_etapa3_correcoes_v5_29-09/correcoes/pacote_cego/test_pacote_cego_v4.py	13656	ee837d54789de3afc2ee42fc50ef4dbe4d0d30153a1838b4508833e0d303f876
docs/reports/_harness-2026-09-04/c1-3/validacao_externa_etapa3_correcoes_v5_29-09/correcoes/pacote_cego/test_pacote_cego_v5.py	5696	fab7f51b0aefb925bb5dcf802575e8cfb8fe342cb40d056a1607ffddaafbec68
docs/reports/_harness-2026-09-04/c1-3/validacao_externa_etapa3_correcoes_v5_29-09/diffs/diff_adquire_v4_v5.patch	13687	6c6d0eac58ab3d90229b277cd366d587428d94748069f8cf6640203f94b01e95
docs/reports/_harness-2026-09-04/c1-3/validacao_externa_etapa3_correcoes_v5_29-09/diffs/diff_adquire_v5_catalogo.patch	4840	14fa6c4c879a6454766a829f7b37ed467c5a0fb427618274f31cc13e83a2a407
docs/reports/_harness-2026-09-04/c1-3/validacao_externa_etapa3_correcoes_v5_29-09/diffs/diff_gerador_v4_v5.patch	7953	cee56b7563a0bfe1d6f6b27cb622762a39c7563b2fbe3340f1cbcd8aacab4964
docs/reports/_harness-2026-09-04/c1-3/validacao_externa_etapa3_correcoes_v5_29-09/diffs/diff_src_moodle.patch	4242	7dba27dbcd18e41a84b7a78fdbe88d8e7498ebc4287bdbe660518a7e7c387f1a
docs/reports/_harness-2026-09-04/c1-3/validacao_externa_etapa3_correcoes_v5_29-09/diffs/diff_test_adquire_v5_catalogo.patch	7342	3cb54d3716a1f8ce99e7d0e25c2979b7274640b130028f400ff6ac2f17d6cc91
docs/reports/_harness-2026-09-04/c1-3/validacao_externa_etapa3_correcoes_v5_29-09/diffs/diff_testes_herdados_v4_v5.patch	11223	c3e27d8ec039cdebfa45e0668a91f19d276ec2c9082fb3b8731f2ad1f7bdcaf4
docs/reports/_harness-2026-09-04/c1-3/validacao_externa_etapa3_correcoes_v5_29-09/diffs/diff_tests_test_moodle.patch	5651	fe8361046f24b8df2ed06a23f70111bfbf04343a6b0e08abaf05703b4ea0b46a
docs/reports/_harness-2026-09-04/c1-3/validacao_externa_etapa3_correcoes_v5_29-09/logs/junit_produto_suite.xml	304975	8ade630b86e1e4a5decb7e5abf998912d1af723215cc364b3886daceb188396e
docs/reports/_harness-2026-09-04/c1-3/validacao_externa_etapa3_correcoes_v5_29-09/logs/junit_produto_test_moodle.xml	6285	205b23c8ab3b5eb37fa9c658731463536f39ae1eaa6d66ccacade6c0480c775e
docs/reports/_harness-2026-09-04/c1-3/validacao_externa_etapa3_correcoes_v5_29-09/logs/junit_regressao_v5_etapa2_correcoes.xml	9446	f011bf570bc93b4f11c5b72b1bfa1fc5b153e543ebe4e8b3cea39d91abe5955d
docs/reports/_harness-2026-09-04/c1-3/validacao_externa_etapa3_correcoes_v5_29-09/logs/junit_regressao_v5_etapa3_aquisicao.xml	1451	f98ccdd3d562cd983a2bf43edc2e22e800cda1a72db11a3122e5a22472ba0197
docs/reports/_harness-2026-09-04/c1-3/validacao_externa_etapa3_correcoes_v5_29-09/logs/junit_regressao_v5_etapa3_exposicao.xml	1236	a72aafd4802cfbc49c2e2316b9946bf11da08a698437d690dc4bed0593eac987
docs/reports/_harness-2026-09-04/c1-3/validacao_externa_etapa3_correcoes_v5_29-09/logs/junit_regressao_v5_etapa3_pacote_cego.xml	12874	5e230bd580750b461d9b31beca19e06ced4dd5c669390d22b00de75e704db8ad
docs/reports/_harness-2026-09-04/c1-3/validacao_externa_etapa3_correcoes_v5_29-09/logs/junit_regressao_v5_v4_aquisicao.xml	3666	3beb396724c006180080e2aa08c3cccde50f498209e761a6287586c0b56f18a7
docs/reports/_harness-2026-09-04/c1-3/validacao_externa_etapa3_correcoes_v5_29-09/logs/junit_regressao_v5_v4_conferencia.xml	657	b3cb236b5e9a0bf9c8fcc914a02a0f27eae344a73288d723877f61d4a092c18a
docs/reports/_harness-2026-09-04/c1-3/validacao_externa_etapa3_correcoes_v5_29-09/logs/junit_regressao_v5_v4_exposicao.xml	2502	51be2b86f15098114d65312967661cb236c2cedfc9de36948742b5ca7e1924cc
docs/reports/_harness-2026-09-04/c1-3/validacao_externa_etapa3_correcoes_v5_29-09/logs/junit_regressao_v5_v4_pacote_cego.xml	22552	87628f22a96730b272f669bfb7fddf40751463c4165c3c93252ead362c4ca803
docs/reports/_harness-2026-09-04/c1-3/validacao_externa_etapa3_correcoes_v5_29-09/logs/junit_verde_catalogo_v5.xml	5449	e88e4c3c9294913264b19e9da02e0ab8d0e0fcf5c712435d446d9dd87652dfda
docs/reports/_harness-2026-09-04/c1-3/validacao_externa_etapa3_correcoes_v5_29-09/logs/junit_verde_pasta_v5_aquisicao.xml	6609	cbd75dd02bf5e8ab28f76c55c5b2f5c5be0de73cca50454cdd92b519bf138ab2
docs/reports/_harness-2026-09-04/c1-3/validacao_externa_etapa3_correcoes_v5_29-09/logs/junit_verde_pasta_v5_aquisicao_catalogo.xml	8921	156defa297f9317dad15f3fd9fbee1c149eb8974f88b62efb90ff84b753f3b24
docs/reports/_harness-2026-09-04/c1-3/validacao_externa_etapa3_correcoes_v5_29-09/logs/junit_verde_pasta_v5_pacote_cego.xml	24684	d29f351790ea021df9d7b82fb655d9f79f536865efb804dbf75db8ea35a5112b
docs/reports/_harness-2026-09-04/c1-3/validacao_externa_etapa3_correcoes_v5_29-09/logs/junit_verde_v5_aquisicao.xml	3137	8f10892140331af90250fe035f40602130329569e3eedcf8542544c735764731
docs/reports/_harness-2026-09-04/c1-3/validacao_externa_etapa3_correcoes_v5_29-09/logs/junit_verde_v5_pacote_cego.xml	2073	0186ddc3b190741e4d854d6b43f65480a910f0bd6a7b08c05982ee7915841f11
docs/reports/_harness-2026-09-04/c1-3/validacao_externa_etapa3_correcoes_v5_29-09/logs/junit_vermelho_v5_aquisicao.xml	20565	be6844a020b2a84c9973cd607101cbd6bade55a66f18be2beb0514574eaab6dc
docs/reports/_harness-2026-09-04/c1-3/validacao_externa_etapa3_correcoes_v5_29-09/logs/junit_vermelho_v5_pacote_cego.xml	19684	2d3649a59dc5baefc7b3355769a712fba3e456260add8217b564385e51f8c9b1
docs/reports/_harness-2026-09-04/c1-3/validacao_externa_etapa3_correcoes_v5_29-09/logs/produto_suite_antes_linha_de_base.txt	906	dcddb64d34e770b050e95dffd44fe18d33c5b22a9cad2503c23c4f65dfae8bb9
docs/reports/_harness-2026-09-04/c1-3/validacao_externa_etapa3_correcoes_v5_29-09/logs/produto_suite_depois.txt	296	3a5f2ca5b20aebc6a31abc6d946e62ec23aa4d75639a61274b56a6bfb0279c2a
docs/reports/_harness-2026-09-04/c1-3/validacao_externa_etapa3_correcoes_v5_29-09/logs/produto_suite_depois_final.txt	219233	5062d2abee64545a3914b3d57208684c780e4ef9d1a51b551df576b31c0f52d4
docs/reports/_harness-2026-09-04/c1-3/validacao_externa_etapa3_correcoes_v5_29-09/logs/regressao_v5_etapa2_correcoes.txt	4620	30a92d032955d2205228cb94d9bb415e8898e282cac48987b8e772f74754025b
docs/reports/_harness-2026-09-04/c1-3/validacao_externa_etapa3_correcoes_v5_29-09/logs/regressao_v5_etapa3_aquisicao.txt	613	ba6fd3c8f0404691c1dab1cda928fe0c8c3f94748a3d5f6b7f094ec420f4578b
docs/reports/_harness-2026-09-04/c1-3/validacao_externa_etapa3_correcoes_v5_29-09/logs/regressao_v5_etapa3_exposicao.txt	500	bf4b26a483b8e4cb34172434b0f9cffc252fd9ae9b885ef1725a08a919fbc1bd
docs/reports/_harness-2026-09-04/c1-3/validacao_externa_etapa3_correcoes_v5_29-09/logs/regressao_v5_etapa3_pacote_cego.txt	6314	1c1f7d42e61d453211f142d38d5416f28f1f7da5b46664d315c1a84afb894e70
docs/reports/_harness-2026-09-04/c1-3/validacao_externa_etapa3_correcoes_v5_29-09/logs/regressao_v5_v4_aquisicao.txt	1536	a13c16d090d290e2b04b7bab7e1229e17a8445e6cb2ffc85cc9eb4a3d6ac6744
docs/reports/_harness-2026-09-04/c1-3/validacao_externa_etapa3_correcoes_v5_29-09/logs/regressao_v5_v4_conferencia.txt	207	4f283f83b1ce0be98041a309c3741db44f5f16046a22b3278ee0dd2d2a6c397b
docs/reports/_harness-2026-09-04/c1-3/validacao_externa_etapa3_correcoes_v5_29-09/logs/regressao_v5_v4_exposicao.txt	1044	ce93f4c1e4988975f33c2a01467072cd4c49b3723bb5054c83cbc46eec3229e9
docs/reports/_harness-2026-09-04/c1-3/validacao_externa_etapa3_correcoes_v5_29-09/logs/regressao_v5_v4_pacote_cego.txt	10412	1f6d90ee8b1770229d53135a9c9d75bb888dce1bbde42a138f5ae1b5d89163e1
docs/reports/_harness-2026-09-04/c1-3/validacao_externa_etapa3_correcoes_v5_29-09/logs/verde_catalogo_v5_depois.txt	2578	a122ec980e87119ba6f12d78d1ebe5adb7291af294a6f7ba8c4e176f9fee3011
docs/reports/_harness-2026-09-04/c1-3/validacao_externa_etapa3_correcoes_v5_29-09/logs/verde_novos_v5_aquisicao.txt	1156	00c69710399d7266809a064177125ed9cce462a75d8e78f7230a2ac58bc61acc
docs/reports/_harness-2026-09-04/c1-3/validacao_externa_etapa3_correcoes_v5_29-09/logs/verde_novos_v5_pacote_cego.txt	751	e2938c371c488df112ccbedc0ab7b73216602295e572b8f34ab523010e7bf2d4
docs/reports/_harness-2026-09-04/c1-3/validacao_externa_etapa3_correcoes_v5_29-09/logs/verde_pasta_v5_aquisicao.txt	2333	80c023099b562bf6b2c1795717c0870564846e176bffced1b53c423ca1c2dcc3
docs/reports/_harness-2026-09-04/c1-3/validacao_externa_etapa3_correcoes_v5_29-09/logs/verde_pasta_v5_aquisicao_catalogo.txt	20	f023a77e09cd884969c20ac401dbfff36b36d31666f2d927eafe9a9b5f1ba1f6
docs/reports/_harness-2026-09-04/c1-3/validacao_externa_etapa3_correcoes_v5_29-09/logs/verde_pasta_v5_pacote_cego.txt	8945	e31746a9bec85c390ef8ee2f01824cdd18a64d1f18dcbd5dad6b627982518c26
docs/reports/_harness-2026-09-04/c1-3/validacao_externa_etapa3_correcoes_v5_29-09/logs/verde_src_test_moodle.txt	4277	a56a55f77c8f4f256296fde689e328d2ba10e29d4305988a92658d564265a4ef
docs/reports/_harness-2026-09-04/c1-3/validacao_externa_etapa3_correcoes_v5_29-09/logs/verde_src_test_moodle_final.txt	4277	0aa460bb5ae8db302adc54e1d0df4c6bf02e5a71c51996f90f1555bb5fb8339c
docs/reports/_harness-2026-09-04/c1-3/validacao_externa_etapa3_correcoes_v5_29-09/logs/vermelho_adquire_v5_contra_v4.txt	1416	e162ac750baadef3424fb66e29b097d274ada6341a6df8c540d92fedcbf327d3
docs/reports/_harness-2026-09-04/c1-3/validacao_externa_etapa3_correcoes_v5_29-09/logs/vermelho_catalogo_v5_antes.txt	2589	28f74f99ce3217bc70e2f24b1b4988dd15afba1223e270b75e510cdf5c15713c
docs/reports/_harness-2026-09-04/c1-3/validacao_externa_etapa3_correcoes_v5_29-09/logs/vermelho_final_v5_aquisicao.txt	1416	2b6bd6ae869685fb7c073cbd47a65ccb0148244fe6cc232d72c2b7435a8634fa
docs/reports/_harness-2026-09-04/c1-3/validacao_externa_etapa3_correcoes_v5_29-09/logs/vermelho_final_v5_pacote_cego.txt	927	a2cfc4721cc174ea88dfc0f0641751cbeda6a74eb278638b4284fee610b9e7de
docs/reports/_harness-2026-09-04/c1-3/validacao_externa_etapa3_correcoes_v5_29-09/logs/vermelho_pacote_v5_contra_v4.txt	822	831f16ebb67f96f10cf8a6c316c24136de64b3860c67e1a49181e2bb4c55c59e
docs/reports/_harness-2026-09-04/c1-3/validacao_externa_etapa3_correcoes_v5_29-09/logs/vermelho_src_test_moodle.txt	961	c3d5c01c98d0786cd9fee04509488e481728f71422f9652820e2a810d4f41502
docs/reports/_harness-2026-09-04/c1-3/validacao_externa_etapa3_correcoes_v5_29-09/manifesto_correcoes_v5_etapa3.json	7186	760c3cad55902ad23f6706128a1ee8843dd778966eb219aed6dd6dd125171739
docs/reports/_harness-2026-09-04/c1-3/validacao_externa_etapa3_correcoes_v5_29-09/manifesto_correcoes_v5_etapa3.py	826	43af432e4fb62e1110819f10f90b898514baefe284cfd5274c31180acc74466a
docs/reports/_harness-2026-09-04/c1-3/validacao_externa_etapa3_correcoes_v5_29-09/reprodutores_v5_catalogo_etapa3.json	3725	839679ecf5a73a005e0c0d6f65d5f822a11c5bd76b29dd7171c5b0a0320c5cda
docs/reports/_harness-2026-09-04/c1-3/validacao_externa_etapa3_correcoes_v5_29-09/reprodutores_v5_etapa3.json	6291	2d019c6aaa8c786f2399b0e1f82a2fa53b1aaac749eca6bb9796c55e02cdb462
docs/reports/_harness-2026-09-04/c1-3/validacao_externa_etapa3_correcoes_v5_29-09/roda_verificacao_v5.py	6192	48d2cb61e353eb8287c6504f347df0a3ad8c81383e159b74f2da7b5ac5d433f8
