id,inferred_title,concepts,card,funil_band,funil_block,funil_period,gemini_primary,gemini_period,resolver_block,resolver_period,resolver_unit,true_block_id
t1-2026-1-thy,Definições de Funções Recursivas Primitivas e Propriedades em Isabelle/HOL,recursão primitiva; tipos indutivos; números naturais; listas; definição formal; lemas; teoremas,True,baixa,bloco-05,2 dias · 30/03/2026 a 01/04/2026,bloco-04,5 dias · 11/03/2026 a 25/03/2026,bloco-04,5 dias · 11/03/2026 a 25/03/2026,unidade-01-metodos-formais,
arvores,Definição de Árvores Binárias e Prova por Indução em Isabelle/HOL,árvore binária; tipo de dado indutivo; recursão; função espelho; indução estrutural; prova de teorema; Isabelle/HOL,True,media,bloco-06,3 dias · 06/04/2026 a 13/04/2026,bloco-05,2 dias · 30/03/2026 a 01/04/2026,bloco-05,2 dias · 30/03/2026 a 01/04/2026,unidade-01-metodos-formais,
exemplos,"Exemplos de Definição de Tipos Indutivos, Predicados e Funções Recursivas em Isabelle",tipos indutivos; predicados indutivos; funções recursivas; definição por recursão primitiva; regras de simplificação; regras de indução; Isabelle/HOL,True,alta,bloco-06,3 dias · 06/04/2026 a 13/04/2026,bloco-04,5 dias · 11/03/2026 a 25/03/2026,bloco-04,5 dias · 11/03/2026 a 25/03/2026,unidade-01-metodos-formais,
intro,"Definição de Tipos Indutivos, Funções Recursivas e Provas por Indução em Isabelle",Tipo Indutivo; Recursão Primitiva; Prova por Indução; Datatype; Teorema; Isabelle/HOL; Regra de Indução,True,baixa,bloco-06,3 dias · 06/04/2026 a 13/04/2026,bloco-04,5 dias · 11/03/2026 a 25/03/2026,bloco-05,2 dias · 30/03/2026 a 01/04/2026,unidade-01-metodos-formais,
listas,Definição Recursiva de Concatenação de Listas e Prova de Associatividade em Isabelle,lista; função recursiva; concatenação de listas; indução estrutural; associatividade; prova interativa; Isabelle/HOL,True,alta,bloco-06,3 dias · 06/04/2026 a 13/04/2026,bloco-05,2 dias · 30/03/2026 a 01/04/2026,bloco-05,2 dias · 30/03/2026 a 01/04/2026,unidade-01-metodos-formais,
provas,Demonstração de propriedades indutivas e funções em Isabelle/HOL,Isabelle/HOL; Prova por indução; Definições recursivas; Tipos de dados indutivos; Sintaxe de prova Isar; Associatividade de funções,True,media,bloco-05,2 dias · 30/03/2026 a 01/04/2026,bloco-06,3 dias · 06/04/2026 a 13/04/2026,bloco-04,5 dias · 11/03/2026 a 25/03/2026,unidade-01-metodos-formais,
classes-parte1,Definição básica de classe e métodos em Dafny,"Classes; Objetos; Campos; Métodos; Contratos de método (modifies, ensures); old(valor); Asserções; Heap",False,media,bloco-16,5 dias · 15/06/2026 a 29/06/2026,bloco-15,4 dias · 01/06/2026 a 10/06/2026,bloco-15,4 dias · 01/06/2026 a 10/06/2026,unidade-02-verificacao-de-programas,
colecoes-arrays,Definição de Tipos Indutivos Simples (Datatype) em Dafny,datatype; tipos indutivos; predicados; imutabilidade; construtores de tipo,False,alta,bloco-13,4 dias · 13/05/2026 a 25/05/2026,bloco-04,5 dias · 11/03/2026 a 25/03/2026,bloco-13,4 dias · 13/05/2026 a 25/05/2026,unidade-02-verificacao-de-programas,
colecoes-conjuntos,Definição e Uso de Tipos Indutivos Simples (Datatype) em Dafny,datatype; tipo indutivo; construtores; predicados; verificação de tipo,False,alta,bloco-13,4 dias · 13/05/2026 a 25/05/2026,bloco-04,5 dias · 11/03/2026 a 25/03/2026,bloco-13,4 dias · 13/05/2026 a 25/05/2026,unidade-02-verificacao-de-programas,
colecoes-sequences,Definição de Tipos Indutivos Simples (Datatype) em Dafny,datatype; tipo indutivo; verificação de propriedades; predicado; imutabilidade,False,alta,bloco-13,4 dias · 13/05/2026 a 25/05/2026,bloco-04,5 dias · 11/03/2026 a 25/03/2026,bloco-13,4 dias · 13/05/2026 a 25/05/2026,unidade-02-verificacao-de-programas,
exercicios-conjuntos,Inserção de Elemento em Array com Verificação de Pós-condição,pré-condição; pós-condição; frame de escrita; multiset; arrays em Dafny; asserção,False,alta,bloco-13,4 dias · 13/05/2026 a 25/05/2026,bloco-13,4 dias · 13/05/2026 a 25/05/2026,bloco-13,4 dias · 13/05/2026 a 25/05/2026,unidade-02-verificacao-de-programas,
hoare,"Verificação Formal de Programas com Dafny: Fundamentos, Tipos Indutivos, Terminação e Lógica de Hoare",Verificação formal; Lógica de Hoare; Pré-condições e Pós-condições; Invariantes de laço; Terminação de programas; Tipos de dados indutivos; Funções e predicados em Dafny; Funções ghost,False,alta,bloco-10,3 dias · 27/04/2026 a 04/05/2026,bloco-11,1 dia · 06/05/2026,bloco-11,1 dia · 06/05/2026,unidade-02-verificacao-de-programas,
introducao-zip,Funções e Predicados Básicos com Transparência em Dafny,função recursiva; predicado; tipo nat; transparência; verificação de programas; definição de função; definição de predicado,False,media,bloco-12,1 dia · 11/05/2026,bloco-12,1 dia · 11/05/2026,bloco-12,1 dia · 11/05/2026,unidade-02-verificacao-de-programas,
invariantes,Definição e uso de tipos indutivos simples e predicados em Dafny,datatype; tipo indutivo; predicate; instanciação de tipo; verificação de propriedade,False,alta,bloco-11,1 dia · 06/05/2026,bloco-04,5 dias · 11/03/2026 a 25/03/2026,bloco-04,5 dias · 11/03/2026 a 25/03/2026,unidade-01-metodos-formais,
terminacao,Definição e Uso de Tipos Indutivos Simples (Datatypes) em Dafny,datatype; tipo indutivo; enumeração; predicado; verificação de tipos; programa Dafny,False,alta,bloco-11,1 dia · 06/05/2026,bloco-04,5 dias · 11/03/2026 a 25/03/2026,bloco-12,1 dia · 11/05/2026,unidade-02-verificacao-de-programas,
tiposindutivos,Definição de Tipos Indutivos Simples e Predicados em Dafny,tipo de dados indutivo; datatype; construtor de tipo; predicate; asserção (assert),False,alta,bloco-04,5 dias · 11/03/2026 a 25/03/2026,bloco-04,5 dias · 11/03/2026 a 25/03/2026,bloco-04,5 dias · 11/03/2026 a 25/03/2026,unidade-01-metodos-formais,
exemplos-zip,Exemplos Introdutórios de Programas Verificados com Dafny,Lógica de Hoare; pré-condição; pós-condição; invariante de laço; terminação; verificação formal; predicados fantasma,False,alta,bloco-12,1 dia · 11/05/2026,bloco-12,1 dia · 11/05/2026,bloco-11,1 dia · 06/05/2026,unidade-02-verificacao-de-programas,
