entry_id,title,category,card,posting_date,text_chars,evidencia,pred_unit,unit_do_bloco_temporal,gold_units,gold_topics,scorable,notas
exercicios,Exercícios,listas,Gerência de Processos CPU,2026-03-10,18435,"Homework #4 --- · 2. SJF (nonpreemptive): · 3. SJF (preemptive, Shortest-next-CPU-burst): · 4. Nonpreemptive, Priority: · **Answer:**",unidade-06-gerencia-de-arquivos,unidade-01-introducao-ao-estudo-de-sistemas-operacionais,unidade-02-gerencia-do-processador,,yes,"ruling-user 2026-08-19 (extraido): SJF, priority, round robin, CPU burst = escalonamento (u02)"
apresentacao-da-disciplina,Apresentação da Disciplina,material-de-aula,Informações Gerais,2026-03-10,7412,Sistemas Operacionais · Apresentação · Objetivos · Ementa · Programa · **UNIDADE 1: Introdução ao estudo de sistemas operacionais** · **UNIDADE 2: Gerência do Processador** · **UNIDADE 3: Programação concorrente** · UNIDADE 4: Deadlock · **UNIDADE 5: Gerência ,unidade-02-gerencia-do-processador,unidade-01-introducao-ao-estudo-de-sistemas-operacionais,unidade-01-introducao-ao-estudo-de-sistemas-operacionais|unidade-02-gerencia-do-processador|unidade-03-programacao-concorrente|unidade-04-deadlock|unidade-05-gerencia-de-memoria|unidade-06-gerencia-de-arquivos|unidade-07-gerencia-de-entrada-e-saida,,yes,ruling-user 2026-08-19: meta-material cobre TODAS as unidades
lista-exercicios-p1-gabarito,Lista Exercícios P1 Gabarito,gabaritos,Informações Gerais,2026-05-05,11973,"1) Estados de processo · --- 2) Casos em que multithreading não melhora desempenho · 3) Ponte de pista única com semáforos · 4) Definições · 5) Chamadas de sistema, fork e exec · 6) Text, data, heap e stack · Resposta: · Alocação: · 7) Processo multithread · C",unidade-02-gerencia-do-processador,unidade-03-programacao-concorrente,unidade-01-introducao-ao-estudo-de-sistemas-operacionais|unidade-02-gerencia-do-processador|unidade-03-programacao-concorrente|unidade-04-deadlock,,yes,ruling-user 2026-08-19: Lista PX cobre as unidades da PROVA; P1 extraida do enunciado = u01|u02|u03|u04
plano-de-ensino,Plano de Ensino,cronograma,Informações Gerais,,13271,**EMENTA:** · PROCEDIMENTOS E RECURSOS: · PROCEDIMENTOS E RECURSOS · **6.2.2 Segmentação** **6.3 Estudo de casos** · **PROCEDIMENTOS E RECURSOS:** · **AValiação:** · **Onde:** · **BIBLIOGRAFIA:** · **• BÁSICA:** · - **COMPLEMENTAR** · - **SOFTWARE DE APOIO:**,,unidade-01-introducao-ao-estudo-de-sistemas-operacionais,unidade-01-introducao-ao-estudo-de-sistemas-operacionais|unidade-02-gerencia-do-processador|unidade-03-programacao-concorrente|unidade-04-deadlock|unidade-05-gerencia-de-memoria|unidade-06-gerencia-de-arquivos|unidade-07-gerencia-de-entrada-e-saida,,yes,ruling-user 2026-08-19: meta-material cobre TODAS as unidades
questoes-do-enade-sobre-sisop,Questões do ENADE sobre SISOP,listas,Informações Gerais,2026-03-10,9303,**QUESTÃO 22** · **QUESTÃO 71** · Prova 2008 · QUESTÃO 19 · Prova 2011 · QUESTÃO 29 · QUESTÃO 20 · QUESTÃO 21,unidade-02-gerencia-do-processador,unidade-01-introducao-ao-estudo-de-sistemas-operacionais,unidade-01-introducao-ao-estudo-de-sistemas-operacionais|unidade-02-gerencia-do-processador|unidade-03-programacao-concorrente|unidade-04-deadlock|unidade-05-gerencia-de-memoria|unidade-06-gerencia-de-arquivos|unidade-07-gerencia-de-entrada-e-saida,,yes,"ruling-user 2026-08-19: e exemplo de COMO as questoes de SO sao desenvolvidas — material meta sobre estilo de avaliacao, cobre TODAS as unidades (nao so as que cita)"
exemplo-criacao-de-processos-no-unix-linux-teste01,Exemplo Criação de Processos no Unix Linux - teste01,codigo-professor,Processo e Estruturas de Controle,2026-03-10,479,Exemplo Criação de Processos no Unix Linux - teste01,unidade-03-programacao-concorrente,unidade-01-introducao-ao-estudo-de-sistemas-operacionais,unidade-01-introducao-ao-estudo-de-sistemas-operacionais,,yes,"ruling-user 2026-08-19: resumo Gemini 'chamada de sistema fork()', 'processo pai e filho' = topico chamadas-de-sistema (u01)"
exemplo-criacao-de-processos-no-unix-linux-teste02,Exemplo Criação de Processos no Unix Linux - teste02,codigo-professor,Processo e Estruturas de Controle,2026-03-10,729,Exemplo Criação de Processos no Unix Linux - teste02,unidade-03-programacao-concorrente,unidade-01-introducao-ao-estudo-de-sistemas-operacionais,unidade-01-introducao-ao-estudo-de-sistemas-operacionais,,yes,"ruling-user 2026-08-19: resumo Gemini 'chamada de sistema fork()', 'processo pai e filho' = topico chamadas-de-sistema (u01)"
exemplo-criacao-de-processos-no-unix-linux-teste03,Exemplo Criação de Processos no Unix Linux - teste03,codigo-professor,Processo e Estruturas de Controle,2026-03-10,893,Exemplo Criação de Processos no Unix Linux - teste03,unidade-03-programacao-concorrente,unidade-01-introducao-ao-estudo-de-sistemas-operacionais,unidade-01-introducao-ao-estudo-de-sistemas-operacionais,,yes,"ruling-user 2026-08-19: resumo Gemini 'chamada de sistema fork()', 'processo pai e filho' = topico chamadas-de-sistema (u01)"
0704-laminas-comunicacao-e-sincronizacao,07.04 Lâminas Comunicação e Sincronização,material-de-aula,Sincronização e Comunicação de Processos,2026-03-10,7644,Comunicação e Sincronização · Programação Concorrente · Programação Concorrente (1) · Programação Concorrente (2) · Seção Crítica e a Condição de Corrida · Seção Crítica · Condição de Corrida (1) · Condição de Corrida (2) · Condição de Corrida (3) · Inibição d,unidade-03-programacao-concorrente,unidade-04-deadlock,unidade-03-programacao-concorrente,,yes,plano-de-ensino (2026-08-18): topico 4.2 Comunicacao e sincronizacao na u03
0904-laminas-semaforos,09.04 Lâminas Semáforos,outros,Sincronização e Comunicação de Processos,2026-03-10,4626,SemáforosComunicação e Sincronização · Definição (1) · Definição (2) · Definição (3) · Uso de Semáforos (1) · Uso de Semáforos (2) · Deficiência dos Semáforos (1) · Deficiência dos Semáforos (2),unidade-03-programacao-concorrente,unidade-04-deadlock,unidade-03-programacao-concorrente,,yes,plano-de-ensino (2026-08-18): topico 4.2 Comunicacao e sincronizacao na u03
laminas-cs-4244-internet-programming-sockets-programming,Lâminas CS 4244 Internet Programming Sockets Programming,bibliografia,Sincronização e Comunicação de Processos,2026-03-10,20051,CS: 4244 Internet Programming Sockets Programming · Chapter 2Application Layer · A note on the use of these ppt slides: · Sockets · Socket programming · Socket API · socket · Socket-programming using TCP · Socket programming *with TCP* · application viewpoint ,unidade-03-programacao-concorrente,unidade-04-deadlock,unidade-03-programacao-concorrente,,yes,plano-de-ensino (2026-08-18): topico 4.2 Comunicacao e sincronizacao na u03
laminas-sockets-material-alternativo-em-pt,Lâminas Sockets (material alternativo em PT),bibliografia,Sincronização e Comunicação de Processos,2026-03-10,20690,Programação de sockets · SOCKET · Programação de sockets com TCP · Cliente deve contatar o servidor · Cliente contata o servidor · Ponto de vista da aplicação · Exemplo de aplicação cliente-servidor: · Processo cliente · Interação cliente-servidor TCP · Exempl,unidade-03-programacao-concorrente,unidade-04-deadlock,unidade-03-programacao-concorrente,,yes,plano-de-ensino (2026-08-18): topico 4.2 Comunicacao e sincronizacao na u03
0704-exemplo-threads-em-java,07.04 Exemplo threads em Java,codigo-professor,Threads,2026-03-10,0,(SEM TEXTO — PRECISA MOODLE),unidade-03-programacao-concorrente,unidade-04-deadlock,unidade-03-programacao-concorrente,,yes,plano-de-ensino (2026-08-18): topico 4.1 Programas multithreads na u03
3103-threads,31.03 Threads,material-de-aula,Threads,2026-03-10,9383,Threads · Definição (1) · Exemplo de Programa Multithread (1) · Exemplo de Programa Multithread (2) · - Servidor Web · Definição (2) · Definição (3) · Definição (4) · Definição (5) · Threads vs Processos (1) · Threads vs Processos (2),unidade-03-programacao-concorrente,unidade-02-gerencia-do-processador,unidade-03-programacao-concorrente,,yes,plano-de-ensino (2026-08-18): topico 4.1 Programas multithreads na u03
biblioteca-em-c-pthread,Biblioteca em C - pthread,bibliografia,Threads,2026-03-10,13704,Linux Threads · Resumindo... Modelo M:n · Modelo de Multithreading do S.O. Solaris (1) · Bibliotecas de Threads (2) · Biblioteca Pthreads – Algumas Operações · Thread APIs vs. System calls para Processos · Bibliotecas de Threads <sup>(1)</sup> · Criação de Thr,unidade-03-programacao-concorrente,unidade-01-introducao-ao-estudo-de-sistemas-operacionais,unidade-03-programacao-concorrente,,yes,plano-de-ensino (2026-08-18): topico 4.1 Programas multithreads na u03
exemplo-threads-em-c-exemplo1,Exemplo threads em C - exemplo1,codigo-professor,Threads,2026-03-10,1245,Exemplo threads em C - exemplo1,unidade-03-programacao-concorrente,unidade-04-deadlock,unidade-03-programacao-concorrente,,yes,plano-de-ensino (2026-08-18): topico 4.1 Programas multithreads na u03
exemplo-threads-em-c-exemplo2,Exemplo threads em C - exemplo2,codigo-professor,Threads,2026-03-10,1138,Exemplo threads em C - exemplo2,unidade-03-programacao-concorrente,unidade-04-deadlock,unidade-03-programacao-concorrente,,yes,plano-de-ensino (2026-08-18): topico 4.1 Programas multithreads na u03
exemplo-threads-em-c-exemplo3,Exemplo threads em C - exemplo3,codigo-professor,Threads,2026-03-10,1526,Exemplo threads em C - exemplo3,unidade-03-programacao-concorrente,unidade-04-deadlock,unidade-03-programacao-concorrente,,yes,plano-de-ensino (2026-08-18): topico 4.1 Programas multithreads na u03
programa,Programa,outros,Informações Gerais,,13231,**EMENTA:** · PROCEDIMENTOS E RECURSOS: · PROCEDIMENTOS E RECURSOS · **6.2.2 Segmentação** **6.3 Estudo de casos** · **PROCEDIMENTOS E RECURSOS:** · AValiação: · Onde: · BIBLIOGRAFIA: · • BÁSICA: · - **COMPLEMENTAR** · - **SOFTWARE DE APOIO:**,unidade-02-gerencia-do-processador,unidade-01-introducao-ao-estudo-de-sistemas-operacionais,unidade-01-introducao-ao-estudo-de-sistemas-operacionais|unidade-02-gerencia-do-processador|unidade-03-programacao-concorrente|unidade-04-deadlock|unidade-05-gerencia-de-memoria|unidade-06-gerencia-de-arquivos|unidade-07-gerencia-de-entrada-e-saida,,yes,ruling-user 2026-08-19: meta-material cobre TODAS as unidades
