curso,entry,grupo,categoria,card,posicao_moodle,fonte_posicao,sarc_posicao,gold,sarc_gold,motor,motor_ok,veredito,label_moodle,titulo
MF,conjuntosindutivos,AULA,material-de-aula,Especificações Indutivas e Recursivas,bloco-03 bloco-04,label: Semana 09/03/2026 a 13/03/2026: (09/03/2026): revi... || Sem,class 03-09..03-09 | 03-09 revisao de logica de predicados exerci / class 03-11..03-25 | 03-11 conjuntos indutivos e equacoes recursi; 03-16 exercicios aula; 03-18 estudo de caso listas aula,bloco-04,class 03-11..03-25 | 03-11 conjuntos indutivos e equacoes recursi; 03-16 exercicios aula; 03-18 estudo de caso listas aula,bloco-04,True,concorda,Conjuntos Indutivos,ConjuntosIndutivos
MF,correcaoterminacao,AULA,material-de-aula,Verificação de Programas,bloco-10 bloco-11 bloco-12 bloco-13,label: Semana 27/04/2026 a 01/05/2026: (27/04/2026): lógi... || Sem,class 04-27..05-04 | 04-27 logica de hoare aula; 04-29 logica de hoare aula; 05-04 exercicios aula / deliverable 05-06..05-06 | 05-06 logica de programas correcao parcial c,bloco-11,deliverable 05-06..05-06 | 05-06 logica de programas correcao parcial c,bloco-11,True,concorda,Correção e Terminação,CorrecaoTerminacao
MF,exerciciosconjuntosindutivos,AULA,listas,Especificações Indutivas e Recursivas,bloco-03 bloco-04,label: Semana 09/03/2026 a 13/03/2026: (09/03/2026): revi... || Sem,class 03-09..03-09 | 03-09 revisao de logica de predicados exerci / class 03-11..03-25 | 03-11 conjuntos indutivos e equacoes recursi; 03-16 exercicios aula; 03-18 estudo de caso listas aula,bloco-04,class 03-11..03-25 | 03-11 conjuntos indutivos e equacoes recursi; 03-16 exercicios aula; 03-18 estudo de caso listas aula,bloco-04,True,concorda,Exercícios - conjuntos indutivos,ExerciciosConjuntosIndutivos
MF,exercicioscorrecaoinducaomatematica,AULA,listas,Provas por Indução,bloco-05 bloco-06 bloco-07,label: Semana 30/03/2026 a 03/04/2026: (30/03/2026): Espe... || Sem,class 03-30..04-01 | 03-30 provas por inducao aula; 04-01 provas por inducao listas e arvores au / class 04-06..04-13 | 04-06 prova interativa de teoremas isabelle ; 04-08 prova interativa de teoremas isabelle ; 04-13 exercicios aula,bloco-05,class 03-30..04-01 | 03-30 provas por inducao aula; 04-01 provas por inducao listas e arvores au,bloco-05,True,concorda,Exercícios - provas de especificações recursivas,ExerciciosCorrecaoInducaoMatematica
MF,exercicioscorrecaoterminacao,AULA,listas,Verificação de Programas,bloco-10 bloco-11 bloco-12 bloco-13,label: Semana 27/04/2026 a 01/05/2026: (27/04/2026): lógi... || Sem,class 04-27..05-04 | 04-27 logica de hoare aula; 04-29 logica de hoare aula; 05-04 exercicios aula / deliverable 05-06..05-06 | 05-06 logica de programas correcao parcial c,bloco-11,deliverable 05-06..05-06 | 05-06 logica de programas correcao parcial c,bloco-11,True,concorda,Exercícios - terminação,ExerciciosCorrecaoTerminacao
MF,exerciciosdafny1,AULA,listas,Verificação de Programas,bloco-10 bloco-11 bloco-12 bloco-13,label: Semana 27/04/2026 a 01/05/2026: (27/04/2026): lógi... || Sem,class 04-27..05-04 | 04-27 logica de hoare aula; 04-29 logica de hoare aula; 05-04 exercicios aula / deliverable 05-06..05-06 | 05-06 logica de programas correcao parcial c,bloco-12,class 05-11..05-11 | 05-11 terminacao introducao ao dafny aula,bloco-12,True,concorda,Exercícios - programação e verificação com Dafny,ExerciciosDafny1
MF,exerciciosdafny2,AULA,listas,Verificação de Programas,bloco-10 bloco-11 bloco-12 bloco-13,label: Semana 27/04/2026 a 01/05/2026: (27/04/2026): lógi... || Sem,class 04-27..05-04 | 04-27 logica de hoare aula; 04-29 logica de hoare aula; 05-04 exercicios aula / deliverable 05-06..05-06 | 05-06 logica de programas correcao parcial c,bloco-13,class 05-13..05-25 | 05-13 logica de programas introducao ao dafn; 05-18 logica de programas colecoes dafny arr; 05-20 logica de programas colecoes dafny seq,bloco-11,False,concorda,Exercícios - arrays no Dafny,ExerciciosDafny2
MF,exerciciosdafny3,AULA,listas,Verificação de Programas,bloco-10 bloco-11 bloco-12 bloco-13,label: Semana 27/04/2026 a 01/05/2026: (27/04/2026): lógi... || Sem,class 04-27..05-04 | 04-27 logica de hoare aula; 04-29 logica de hoare aula; 05-04 exercicios aula / deliverable 05-06..05-06 | 05-06 logica de programas correcao parcial c,bloco-13,class 05-13..05-25 | 05-13 logica de programas introducao ao dafn; 05-18 logica de programas colecoes dafny arr; 05-20 logica de programas colecoes dafny seq,bloco-13,True,concorda,Exercícios - sequências no Dafny,ExerciciosDafny3
MF,exerciciosdafny4,AULA,listas,Verificação de Programas,bloco-10 bloco-11 bloco-12 bloco-13,label: Semana 27/04/2026 a 01/05/2026: (27/04/2026): lógi... || Sem,class 04-27..05-04 | 04-27 logica de hoare aula; 04-29 logica de hoare aula; 05-04 exercicios aula / deliverable 05-06..05-06 | 05-06 logica de programas correcao parcial c,bloco-13,class 05-13..05-25 | 05-13 logica de programas introducao ao dafn; 05-18 logica de programas colecoes dafny arr; 05-20 logica de programas colecoes dafny seq,bloco-13,True,concorda,Exercícios - conjuntos e multiconjuntos no Dafny,ExerciciosDafny4
MF,exerciciosdafny5,AULA,listas,Verificação de Programas,bloco-15,label: Semana 01/06/2026 a 05/06/2026: (01/06/2026): Clas... || Sem,class 06-01..06-10 | 06-01 logica de programas orientacao a objet; 06-03 logica de programas orientacao a objet; 06-08 logica de programas orientacao a objet,bloco-15,class 06-01..06-10 | 06-01 logica de programas orientacao a objet; 06-03 logica de programas orientacao a objet; 06-08 logica de programas orientacao a objet,bloco-15,True,concorda,Exercícios - classes em Dafny,ExerciciosDafny5
MF,exerciciosespecificacao,AULA,listas,Revisão - Lógica e Especificação,bloco-03 bloco-04,label: Semana 09/03/2026 a 13/03/2026: (09/03/2026): revi...,class 03-09..03-09 | 03-09 revisao de logica de predicados exerci / class 03-11..03-25 | 03-11 conjuntos indutivos e equacoes recursi; 03-16 exercicios aula; 03-18 estudo de caso listas aula,bloco-03,class 03-09..03-09 | 03-09 revisao de logica de predicados exerci,bloco-03,True,concorda,Exercícios - asserções lógicas,ExerciciosEspecificacao
MF,exerciciosespecificacao-respostas,AULA,gabaritos,Revisão - Lógica e Especificação,bloco-03 bloco-04,label: Semana 09/03/2026 a 13/03/2026: (09/03/2026): revi...,class 03-09..03-09 | 03-09 revisao de logica de predicados exerci / class 03-11..03-25 | 03-11 conjuntos indutivos e equacoes recursi; 03-16 exercicios aula; 03-18 estudo de caso listas aula,bloco-03,class 03-09..03-09 | 03-09 revisao de logica de predicados exerci,bloco-03,True,concorda,Respostas,ExerciciosEspecificacao_respostas
MF,exerciciosformalizacaoalgoritmosinvariantes,AULA,listas,Verificação de Programas,bloco-10 bloco-11 bloco-12 bloco-13,label: Semana 27/04/2026 a 01/05/2026: (27/04/2026): lógi... || Sem,class 04-27..05-04 | 04-27 logica de hoare aula; 04-29 logica de hoare aula; 05-04 exercicios aula / deliverable 05-06..05-06 | 05-06 logica de programas correcao parcial c,bloco-11,deliverable 05-06..05-06 | 05-06 logica de programas correcao parcial c,bloco-11,True,concorda,Exercícios - invariantes de laço,ExerciciosFormalizacaoAlgoritmosInvariantes
MF,exerciciosformalizacaoalgoritmosrecursao,AULA,listas,Especificações Indutivas e Recursivas,bloco-03 bloco-04,label: Semana 09/03/2026 a 13/03/2026: (09/03/2026): revi... || Sem,class 03-09..03-09 | 03-09 revisao de logica de predicados exerci / class 03-11..03-25 | 03-11 conjuntos indutivos e equacoes recursi; 03-16 exercicios aula; 03-18 estudo de caso listas aula,bloco-04,class 03-11..03-25 | 03-11 conjuntos indutivos e equacoes recursi; 03-16 exercicios aula; 03-18 estudo de caso listas aula,bloco-04,True,concorda,Exercícios - equações recursivas parte 1,ExerciciosFormalizacaoAlgoritmosRecursao
MF,exerciciosformalizacaoalgoritmosrecursao-respostas,AULA,gabaritos,Especificações Indutivas e Recursivas,bloco-03 bloco-04,label: Semana 09/03/2026 a 13/03/2026: (09/03/2026): revi... || Sem,class 03-09..03-09 | 03-09 revisao de logica de predicados exerci / class 03-11..03-25 | 03-11 conjuntos indutivos e equacoes recursi; 03-16 exercicios aula; 03-18 estudo de caso listas aula,bloco-04,class 03-11..03-25 | 03-11 conjuntos indutivos e equacoes recursi; 03-16 exercicios aula; 03-18 estudo de caso listas aula,bloco-04,True,concorda,Respostas,ExerciciosFormalizacaoAlgoritmosRecursao_respostas
MF,exerciciosformalizacaoalgoritmosrecursao2,AULA,listas,Especificações Indutivas e Recursivas,bloco-03 bloco-04,label: Semana 09/03/2026 a 13/03/2026: (09/03/2026): revi... || Sem,class 03-09..03-09 | 03-09 revisao de logica de predicados exerci / class 03-11..03-25 | 03-11 conjuntos indutivos e equacoes recursi; 03-16 exercicios aula; 03-18 estudo de caso listas aula,bloco-04,class 03-11..03-25 | 03-11 conjuntos indutivos e equacoes recursi; 03-16 exercicios aula; 03-18 estudo de caso listas aula,bloco-04,True,concorda,Exercícios - equações recursivas parte 2,ExerciciosFormalizacaoAlgoritmosRecursao2
MF,exerciciosformalizacaoalgoritmosrecursao3,AULA,listas,Especificações Indutivas e Recursivas,bloco-03 bloco-04,label: Semana 09/03/2026 a 13/03/2026: (09/03/2026): revi... || Sem,class 03-09..03-09 | 03-09 revisao de logica de predicados exerci / class 03-11..03-25 | 03-11 conjuntos indutivos e equacoes recursi; 03-16 exercicios aula; 03-18 estudo de caso listas aula,bloco-04,class 03-11..03-25 | 03-11 conjuntos indutivos e equacoes recursi; 03-16 exercicios aula; 03-18 estudo de caso listas aula,bloco-04,True,concorda,Exercícios - equações recursivas parte 3,ExerciciosFormalizacaoAlgoritmosRecursao3
MF,exerciciosformalizacaoalgoritmosrecursao3-respostas,AULA,listas,Especificações Indutivas e Recursivas,bloco-03 bloco-04,label: Semana 09/03/2026 a 13/03/2026: (09/03/2026): revi... || Sem,class 03-09..03-09 | 03-09 revisao de logica de predicados exerci / class 03-11..03-25 | 03-11 conjuntos indutivos e equacoes recursi; 03-16 exercicios aula; 03-18 estudo de caso listas aula,bloco-04,class 03-11..03-25 | 03-11 conjuntos indutivos e equacoes recursi; 03-16 exercicios aula; 03-18 estudo de caso listas aula,bloco-04,True,concorda,Respostas,ExerciciosFormalizacaoAlgoritmosRecursao3_respostas
MF,exerciciosisabelle,AULA,listas,Provas por Indução,bloco-05 bloco-06 bloco-07,label: Semana 30/03/2026 a 03/04/2026: (30/03/2026): Espe... || Sem,class 03-30..04-01 | 03-30 provas por inducao aula; 04-01 provas por inducao listas e arvores au / class 04-06..04-13 | 04-06 prova interativa de teoremas isabelle ; 04-08 prova interativa de teoremas isabelle ; 04-13 exercicios aula,bloco-06,class 04-06..04-13 | 04-06 prova interativa de teoremas isabelle ; 04-08 prova interativa de teoremas isabelle ; 04-13 exercicios aula,bloco-06,True,concorda,Exercícios - provas em Isabelle,ExerciciosIsabelle
MF,exerciciosisabelle2,AULA,listas,Provas por Indução,bloco-05 bloco-06 bloco-07,label: Semana 30/03/2026 a 03/04/2026: (30/03/2026): Espe... || Sem,class 03-30..04-01 | 03-30 provas por inducao aula; 04-01 provas por inducao listas e arvores au / class 04-06..04-13 | 04-06 prova interativa de teoremas isabelle ; 04-08 prova interativa de teoremas isabelle ; 04-13 exercicios aula,bloco-06,class 04-06..04-13 | 04-06 prova interativa de teoremas isabelle ; 04-08 prova interativa de teoremas isabelle ; 04-13 exercicios aula,bloco-05,False,concorda,Exercícios - provas em Isabelle (parte 2),ExerciciosIsabelle2
MF,exercicioslogicatemporal,AULA,listas,Especificação e Verificação de Modelos,bloco-16 bloco-18 bloco-19,label: Semana 15/06/2026 a 19/06/2026: (15/06/2026): Veri... || Sem,class 06-15..06-22 | 06-15 verificacao de modelos logica temporal; 06-17 verificacao de modelos logica temporal; 06-22 exercicios aula / class 06-29..06-29 | 06-29 verificacao de modelos ferramenta aula,bloco-16,class 06-15..06-22 | 06-15 verificacao de modelos logica temporal; 06-17 verificacao de modelos logica temporal; 06-22 exercicios aula,bloco-16,True,concorda,Exercícios - modelos e lógica temporal,ExerciciosLogicaTemporal
MF,exerciciosnusmv,AULA,listas,Especificação e Verificação de Modelos,bloco-16 bloco-18 bloco-19,label: Semana 15/06/2026 a 19/06/2026: (15/06/2026): Veri... || Sem,class 06-15..06-22 | 06-15 verificacao de modelos logica temporal; 06-17 verificacao de modelos logica temporal; 06-22 exercicios aula / class 06-29..06-29 | 06-29 verificacao de modelos ferramenta aula,bloco-16,class 06-15..06-22 | 06-15 verificacao de modelos logica temporal; 06-17 verificacao de modelos logica temporal; 06-22 exercicios aula,bloco-18,False,concorda,Exercícios - verificação de modelos com NuXMV/NuSMV/Fasten,ExerciciosNusmv
MF,formalizacaoalgoritmos-invarianteslaco,AULA,material-de-aula,Verificação de Programas,bloco-10 bloco-11 bloco-12 bloco-13,label: Semana 27/04/2026 a 01/05/2026: (27/04/2026): lógi... || Sem,class 04-27..05-04 | 04-27 logica de hoare aula; 04-29 logica de hoare aula; 05-04 exercicios aula / deliverable 05-06..05-06 | 05-06 logica de programas correcao parcial c,bloco-11,deliverable 05-06..05-06 | 05-06 logica de programas correcao parcial c,bloco-11,True,concorda,Invariantes de laço,FormalizacaoAlgoritmos_InvariantesLaco
MF,formalizacaoalgoritmos-recursao,AULA,material-de-aula,Especificações Indutivas e Recursivas,bloco-03 bloco-04,label: Semana 09/03/2026 a 13/03/2026: (09/03/2026): revi... || Sem,class 03-09..03-09 | 03-09 revisao de logica de predicados exerci / class 03-11..03-25 | 03-11 conjuntos indutivos e equacoes recursi; 03-16 exercicios aula; 03-18 estudo de caso listas aula,bloco-04,class 03-11..03-25 | 03-11 conjuntos indutivos e equacoes recursi; 03-16 exercicios aula; 03-18 estudo de caso listas aula,bloco-06,False,concorda,Especificações recursivas,FormalizacaoAlgoritmos_Recursao
MF,formalizacaoalgoritmos-recursao2,AULA,material-de-aula,Especificações Indutivas e Recursivas,bloco-03 bloco-04,label: Semana 09/03/2026 a 13/03/2026: (09/03/2026): revi... || Sem,class 03-09..03-09 | 03-09 revisao de logica de predicados exerci / class 03-11..03-25 | 03-11 conjuntos indutivos e equacoes recursi; 03-16 exercicios aula; 03-18 estudo de caso listas aula,bloco-04,class 03-11..03-25 | 03-11 conjuntos indutivos e equacoes recursi; 03-16 exercicios aula; 03-18 estudo de caso listas aula,bloco-05,False,concorda,Especificações recursivas - listas,FormalizacaoAlgoritmos_Recursao2
MF,formalizacaoalgoritmos-recursao3,AULA,material-de-aula,Especificações Indutivas e Recursivas,bloco-03 bloco-04,label: Semana 09/03/2026 a 13/03/2026: (09/03/2026): revi... || Sem,class 03-09..03-09 | 03-09 revisao de logica de predicados exerci / class 03-11..03-25 | 03-11 conjuntos indutivos e equacoes recursi; 03-16 exercicios aula; 03-18 estudo de caso listas aula,bloco-04,class 03-11..03-25 | 03-11 conjuntos indutivos e equacoes recursi; 03-16 exercicios aula; 03-18 estudo de caso listas aula,bloco-04,True,concorda,Especificações recursivas - árvores binárias,FormalizacaoAlgoritmos_Recursao3
MF,introducao,AULA,material-de-aula,Introdução a Métodos Formais,bloco-01 bloco-02,label: Semana 02/03/2026 a 06/03/2026: (02/03/2026): apre...,class 03-02..03-02 | 03-02 apresentacao da disciplina aula / class 03-04..03-04 | 03-04 introducao a metodos formais aula,bloco-02,class 03-04..03-04 | 03-04 introducao a metodos formais aula,bloco-01,False,concorda,Introdução,introducao
MF,logicadehoare,AULA,material-de-aula,Verificação de Programas,bloco-10 bloco-11 bloco-12 bloco-13,label: Semana 27/04/2026 a 01/05/2026: (27/04/2026): lógi... || Sem,class 04-27..05-04 | 04-27 logica de hoare aula; 04-29 logica de hoare aula; 05-04 exercicios aula / deliverable 05-06..05-06 | 05-06 logica de programas correcao parcial c,bloco-10,class 04-27..05-04 | 04-27 logica de hoare aula; 04-29 logica de hoare aula; 05-04 exercicios aula,bloco-10,True,concorda,Lógica de Hoare (parte 1),LogicaDeHoare
MF,logicadehoare-exercicios-respostas,AULA,gabaritos,Verificação de Programas,bloco-10 bloco-11 bloco-12 bloco-13 bloco-15,irmaos datados do card (faixa),class 04-27..05-04 | 04-27 logica de hoare aula; 04-29 logica de hoare aula; 05-04 exercicios aula / deliverable 05-06..05-06 | 05-06 logica de programas correcao parcial c,bloco-10,class 04-27..05-04 | 04-27 logica de hoare aula; 04-29 logica de hoare aula; 05-04 exercicios aula,bloco-10,True,concorda,,LogicaDeHoare_exercicios_respostas
MF,logicadehoare2,AULA,material-de-aula,Verificação de Programas,bloco-10 bloco-11 bloco-12 bloco-13,label: Semana 27/04/2026 a 01/05/2026: (27/04/2026): lógi... || Sem,class 04-27..05-04 | 04-27 logica de hoare aula; 04-29 logica de hoare aula; 05-04 exercicios aula / deliverable 05-06..05-06 | 05-06 logica de programas correcao parcial c,bloco-10,class 04-27..05-04 | 04-27 logica de hoare aula; 04-29 logica de hoare aula; 05-04 exercicios aula,bloco-10,True,concorda,Lógica de Hoare (parte 2),LogicaDeHoare2
MF,logicapredicados-semantica,AULA,material-de-aula,Revisão - Lógica e Especificação,bloco-03 bloco-04,label: Semana 09/03/2026 a 13/03/2026: (09/03/2026): revi...,class 03-09..03-09 | 03-09 revisao de logica de predicados exerci / class 03-11..03-25 | 03-11 conjuntos indutivos e equacoes recursi; 03-16 exercicios aula; 03-18 estudo de caso listas aula,bloco-03,class 03-09..03-09 | 03-09 revisao de logica de predicados exerci,bloco-03,True,concorda,Lógica Predicados - semântica,logicaPredicados_semantica
MF,logicapredicados-sintaxe,AULA,material-de-aula,Revisão - Lógica e Especificação,bloco-03 bloco-04,label: Semana 09/03/2026 a 13/03/2026: (09/03/2026): revi...,class 03-09..03-09 | 03-09 revisao de logica de predicados exerci / class 03-11..03-25 | 03-11 conjuntos indutivos e equacoes recursi; 03-16 exercicios aula; 03-18 estudo de caso listas aula,bloco-03,class 03-09..03-09 | 03-09 revisao de logica de predicados exerci,bloco-03,True,concorda,Lógica Predicados - sintaxe,logicaPredicados_sintaxe
MF,logicaproposicional-semantica,AULA,material-de-aula,Revisão - Lógica e Especificação,bloco-03 bloco-04,label: Semana 09/03/2026 a 13/03/2026: (09/03/2026): revi...,class 03-09..03-09 | 03-09 revisao de logica de predicados exerci / class 03-11..03-25 | 03-11 conjuntos indutivos e equacoes recursi; 03-16 exercicios aula; 03-18 estudo de caso listas aula,bloco-03,class 03-09..03-09 | 03-09 revisao de logica de predicados exerci,bloco-16,False,concorda,Lógica Proposicional - semântica,logicaProposicional_semantica
MF,logicaproposicional-sintaxe,AULA,material-de-aula,Revisão - Lógica e Especificação,bloco-03 bloco-04,label: Semana 09/03/2026 a 13/03/2026: (09/03/2026): revi...,class 03-09..03-09 | 03-09 revisao de logica de predicados exerci / class 03-11..03-25 | 03-11 conjuntos indutivos e equacoes recursi; 03-16 exercicios aula; 03-18 estudo de caso listas aula,bloco-03,class 03-09..03-09 | 03-09 revisao de logica de predicados exerci,bloco-05,False,concorda,Lógica Proposicional - sintaxe,logicaProposicional_sintaxe
MF,plano,BASE,cronograma,Plano de Ensino,,,,bloco-01,class 03-02..03-02 | 03-02 apresentacao da disciplina aula,bloco-01,True,sem posicao datada,Plano de Ensino,plano
MF,provasindutivas-especificacoesrecursivas,AULA,material-de-aula,Provas por Indução,bloco-05 bloco-06 bloco-07,label: Semana 30/03/2026 a 03/04/2026: (30/03/2026): Espe... || Sem,class 03-30..04-01 | 03-30 provas por inducao aula; 04-01 provas por inducao listas e arvores au / class 04-06..04-13 | 04-06 prova interativa de teoremas isabelle ; 04-08 prova interativa de teoremas isabelle ; 04-13 exercicios aula,bloco-05,class 03-30..04-01 | 03-30 provas por inducao aula; 04-01 provas por inducao listas e arvores au,bloco-05,True,concorda,Provas indutivas de especificações recursivas,ProvasIndutivas_EspecificaçõesRecursivas
MF,provasindutivas-especificacoesrecursivas-arvores,AULA,material-de-aula,Provas por Indução,bloco-05 bloco-06 bloco-07,label: Semana 30/03/2026 a 03/04/2026: (30/03/2026): Espe... || Sem,class 03-30..04-01 | 03-30 provas por inducao aula; 04-01 provas por inducao listas e arvores au / class 04-06..04-13 | 04-06 prova interativa de teoremas isabelle ; 04-08 prova interativa de teoremas isabelle ; 04-13 exercicios aula,bloco-05,class 03-30..04-01 | 03-30 provas por inducao aula; 04-01 provas por inducao listas e arvores au,bloco-05,True,concorda,Indução estrutural sobre árvores,ProvasIndutivas_EspecificaçõesRecursivas_Arvores
MF,provasindutivas-especificacoesrecursivas-listas,AULA,material-de-aula,Provas por Indução,bloco-05 bloco-06 bloco-07,label: Semana 30/03/2026 a 03/04/2026: (30/03/2026): Espe... || Sem,class 03-30..04-01 | 03-30 provas por inducao aula; 04-01 provas por inducao listas e arvores au / class 04-06..04-13 | 04-06 prova interativa de teoremas isabelle ; 04-08 prova interativa de teoremas isabelle ; 04-13 exercicios aula,bloco-05,class 03-30..04-01 | 03-30 provas por inducao aula; 04-01 provas por inducao listas e arvores au,bloco-05,True,concorda,Indução estrutural sobre listas,ProvasIndutivas_EspecificaçõesRecursivas_Listas
MF,revisao,AULA,material-de-aula,Revisão - Lógica e Especificação,bloco-03 bloco-04,label: Semana 09/03/2026 a 13/03/2026: (09/03/2026): revi...,class 03-09..03-09 | 03-09 revisao de logica de predicados exerci / class 03-11..03-25 | 03-11 conjuntos indutivos e equacoes recursi; 03-16 exercicios aula; 03-18 estudo de caso listas aula,bloco-03,class 03-09..03-09 | 03-09 revisao de logica de predicados exerci,bloco-11,False,concorda,Conceitos essenciais,revisao
MF,revisao-p1,AULA,listas,Exercícios de Revisão para Provas,,,,bloco-07,review 04-15..04-15 | 04-15 exercicios de revisao aula,bloco-07,True,sem posicao datada,Exercícios para P1,revisao_p1
MF,revisao-p1-gabarito,AULA,provas,Exercícios de Revisão para Provas,,,,bloco-07,review 04-15..04-15 | 04-15 exercicios de revisao aula,bloco-07,True,sem posicao datada,Respostas,revisao_p1_gabarito
MF,t1-2026-1,AULA,trabalhos,TDE Trabalho Discente Efetivo,bloco-11,label: Trabalho 1 (06/05/2026):,deliverable 05-06..05-06 | 05-06 logica de programas correcao parcial c,bloco-11,deliverable 05-06..05-06 | 05-06 logica de programas correcao parcial c,bloco-11,True,concorda,Definição,t1_2026_1
MF,t2-2026-1,AULA,trabalhos,TDE Trabalho Discente Efetivo,bloco-11,label: Trabalho 1 (06/05/2026):,deliverable 05-06..05-06 | 05-06 logica de programas correcao parcial c,bloco-18,class 06-29..06-29 | 06-29 verificacao de modelos ferramenta aula,bloco-18,True,gold DEPOIS da postagem,Definição,t2_2026_1
MF,verificacaomodelos,AULA,material-de-aula,Especificação e Verificação de Modelos,bloco-16 bloco-18 bloco-19,label: Semana 15/06/2026 a 19/06/2026: (15/06/2026): Veri... || Sem,class 06-15..06-22 | 06-15 verificacao de modelos logica temporal; 06-17 verificacao de modelos logica temporal; 06-22 exercicios aula / class 06-29..06-29 | 06-29 verificacao de modelos ferramenta aula,bloco-16,class 06-15..06-22 | 06-15 verificacao de modelos logica temporal; 06-17 verificacao de modelos logica temporal; 06-22 exercicios aula,bloco-16,True,concorda,Verificação de modelos e Lógica temporal,verificacaomodelos
MF,arvores,AULA,codigo-professor,Provas por Indução,bloco-05 bloco-06 bloco-07,label: Semana 30/03/2026 a 03/04/2026: (30/03/2026): Espe... || Sem,class 03-30..04-01 | 03-30 provas por inducao aula; 04-01 provas por inducao listas e arvores au / class 04-06..04-13 | 04-06 prova interativa de teoremas isabelle ; 04-08 prova interativa de teoremas isabelle ; 04-13 exercicios aula,bloco-06,class 04-06..04-13 | 04-06 prova interativa de teoremas isabelle ; 04-08 prova interativa de teoremas isabelle ; 04-13 exercicios aula,bloco-05,False,concorda,Exemplos: provas sobre arvores,arvores
MF,classes-parte1,AULA,codigo-professor,Verificação de Programas,bloco-15,label: Semana 01/06/2026 a 05/06/2026: (01/06/2026): Clas... || Sem,class 06-01..06-10 | 06-01 logica de programas orientacao a objet; 06-03 logica de programas orientacao a objet; 06-08 logica de programas orientacao a objet,bloco-15,class 06-01..06-10 | 06-01 logica de programas orientacao a objet; 06-03 logica de programas orientacao a objet; 06-08 logica de programas orientacao a objet,bloco-15,True,concorda,"Exemplos (classes, parte 1)",Classes Parte1
MF,classes-parte2,AULA,codigo-professor,Verificação de Programas,bloco-15,label: Semana 01/06/2026 a 05/06/2026: (01/06/2026): Clas... || Sem,class 06-01..06-10 | 06-01 logica de programas orientacao a objet; 06-03 logica de programas orientacao a objet; 06-08 logica de programas orientacao a objet,bloco-15,class 06-01..06-10 | 06-01 logica de programas orientacao a objet; 06-03 logica de programas orientacao a objet; 06-08 logica de programas orientacao a objet,bloco-15,True,concorda,"Exemplos (classes, parte 2)",classes_parte2
MF,colecoes-arrays,AULA,codigo-professor,Verificação de Programas,bloco-10 bloco-11 bloco-12 bloco-13,label: Semana 27/04/2026 a 01/05/2026: (27/04/2026): lógi... || Sem,class 04-27..05-04 | 04-27 logica de hoare aula; 04-29 logica de hoare aula; 05-04 exercicios aula / deliverable 05-06..05-06 | 05-06 logica de programas correcao parcial c,bloco-13,class 05-13..05-25 | 05-13 logica de programas introducao ao dafn; 05-18 logica de programas colecoes dafny arr; 05-20 logica de programas colecoes dafny seq,bloco-13,True,concorda,Exemplos (Arrays),Colecoes Arrays
MF,colecoes-conjuntos,AULA,codigo-professor,Verificação de Programas,bloco-10 bloco-11 bloco-12 bloco-13,label: Semana 27/04/2026 a 01/05/2026: (27/04/2026): lógi... || Sem,class 04-27..05-04 | 04-27 logica de hoare aula; 04-29 logica de hoare aula; 05-04 exercicios aula / deliverable 05-06..05-06 | 05-06 logica de programas correcao parcial c,bloco-13,class 05-13..05-25 | 05-13 logica de programas introducao ao dafn; 05-18 logica de programas colecoes dafny arr; 05-20 logica de programas colecoes dafny seq,bloco-13,True,concorda,Exemplos (Conjuntos e sequencias),Colecoes Conjuntos
MF,colecoes-sequences,AULA,codigo-professor,Verificação de Programas,bloco-10 bloco-11 bloco-12 bloco-13,label: Semana 27/04/2026 a 01/05/2026: (27/04/2026): lógi... || Sem,class 04-27..05-04 | 04-27 logica de hoare aula; 04-29 logica de hoare aula; 05-04 exercicios aula / deliverable 05-06..05-06 | 05-06 logica de programas correcao parcial c,bloco-13,class 05-13..05-25 | 05-13 logica de programas introducao ao dafn; 05-18 logica de programas colecoes dafny arr; 05-20 logica de programas colecoes dafny seq,bloco-13,True,concorda,Exemplos (Sequencias),Colecoes Sequences
MF,exemplos,AULA,codigo-professor,Provas por Indução,bloco-05 bloco-06 bloco-07,label: Semana 30/03/2026 a 03/04/2026: (30/03/2026): Espe... || Sem,class 03-30..04-01 | 03-30 provas por inducao aula; 04-01 provas por inducao listas e arvores au / class 04-06..04-13 | 04-06 prova interativa de teoremas isabelle ; 04-08 prova interativa de teoremas isabelle ; 04-13 exercicios aula,bloco-06,class 04-06..04-13 | 04-06 prova interativa de teoremas isabelle ; 04-08 prova interativa de teoremas isabelle ; 04-13 exercicios aula,bloco-06,True,concorda,Exemplos - definicoes de funcoes,exemplos
MF,exemplos-zip,AULA,codigo-professor,Especificação e Verificação de Modelos,bloco-16 bloco-18 bloco-19,label: Semana 15/06/2026 a 19/06/2026: (15/06/2026): Veri... || Sem,class 06-15..06-22 | 06-15 verificacao de modelos logica temporal; 06-17 verificacao de modelos logica temporal; 06-22 exercicios aula / class 06-29..06-29 | 06-29 verificacao de modelos ferramenta aula,bloco-16,class 06-15..06-22 | 06-15 verificacao de modelos logica temporal; 06-17 verificacao de modelos logica temporal; 06-22 exercicios aula,bloco-16,True,concorda,Exemplos NuSMV,Exemplos
MF,exercicios-arrays,AULA,codigo-professor,Verificação de Programas,bloco-10 bloco-11 bloco-12 bloco-13,label: Semana 27/04/2026 a 01/05/2026: (27/04/2026): lógi... || Sem,class 04-27..05-04 | 04-27 logica de hoare aula; 04-29 logica de hoare aula; 05-04 exercicios aula / deliverable 05-06..05-06 | 05-06 logica de programas correcao parcial c,bloco-13,class 05-13..05-25 | 05-13 logica de programas introducao ao dafn; 05-18 logica de programas colecoes dafny arr; 05-20 logica de programas colecoes dafny seq,bloco-13,True,concorda,Respostas,exercicios_arrays
MF,exercicios-conjuntos,AULA,codigo-professor,Verificação de Programas,bloco-10 bloco-11 bloco-12 bloco-13,label: Semana 27/04/2026 a 01/05/2026: (27/04/2026): lógi... || Sem,class 04-27..05-04 | 04-27 logica de hoare aula; 04-29 logica de hoare aula; 05-04 exercicios aula / deliverable 05-06..05-06 | 05-06 logica de programas correcao parcial c,bloco-13,class 05-13..05-25 | 05-13 logica de programas introducao ao dafn; 05-18 logica de programas colecoes dafny arr; 05-20 logica de programas colecoes dafny seq,bloco-13,True,concorda,Respostas,Exercicios Conjuntos
MF,hoare,AULA,codigo-professor,Verificação de Programas,bloco-10 bloco-11 bloco-12 bloco-13,label: Semana 27/04/2026 a 01/05/2026: (27/04/2026): lógi... || Sem,class 04-27..05-04 | 04-27 logica de hoare aula; 04-29 logica de hoare aula; 05-04 exercicios aula / deliverable 05-06..05-06 | 05-06 logica de programas correcao parcial c,bloco-10,class 04-27..05-04 | 04-27 logica de hoare aula; 04-29 logica de hoare aula; 05-04 exercicios aula,bloco-10,True,concorda,Exemplos (Logica de Floyd-Hoare),Hoare
MF,intro,AULA,codigo-professor,Provas por Indução,bloco-05 bloco-06 bloco-07,label: Semana 30/03/2026 a 03/04/2026: (30/03/2026): Espe... || Sem,class 03-30..04-01 | 03-30 provas por inducao aula; 04-01 provas por inducao listas e arvores au / class 04-06..04-13 | 04-06 prova interativa de teoremas isabelle ; 04-08 prova interativa de teoremas isabelle ; 04-13 exercicios aula,bloco-06,class 04-06..04-13 | 04-06 prova interativa de teoremas isabelle ; 04-08 prova interativa de teoremas isabelle ; 04-13 exercicios aula,bloco-06,True,concorda,Exemplos - introducao,intro
MF,introducao-zip,AULA,codigo-professor,Verificação de Programas,bloco-10 bloco-11 bloco-12 bloco-13,label: Semana 27/04/2026 a 01/05/2026: (27/04/2026): lógi... || Sem,class 04-27..05-04 | 04-27 logica de hoare aula; 04-29 logica de hoare aula; 05-04 exercicios aula / deliverable 05-06..05-06 | 05-06 logica de programas correcao parcial c,bloco-12,class 05-11..05-11 | 05-11 terminacao introducao ao dafny aula,bloco-12,True,concorda,Exemplos (introducao a Dafny),Introducao
MF,invariantes,AULA,codigo-professor,Verificação de Programas,bloco-10 bloco-11 bloco-12 bloco-13,label: Semana 27/04/2026 a 01/05/2026: (27/04/2026): lógi... || Sem,class 04-27..05-04 | 04-27 logica de hoare aula; 04-29 logica de hoare aula; 05-04 exercicios aula / deliverable 05-06..05-06 | 05-06 logica de programas correcao parcial c,bloco-11,deliverable 05-06..05-06 | 05-06 logica de programas correcao parcial c,bloco-11,True,concorda,Exemplos (invariantes de laco),Invariantes
MF,listas,AULA,codigo-professor,Provas por Indução,bloco-05 bloco-06 bloco-07,label: Semana 30/03/2026 a 03/04/2026: (30/03/2026): Espe... || Sem,class 03-30..04-01 | 03-30 provas por inducao aula; 04-01 provas por inducao listas e arvores au / class 04-06..04-13 | 04-06 prova interativa de teoremas isabelle ; 04-08 prova interativa de teoremas isabelle ; 04-13 exercicios aula,bloco-06,class 04-06..04-13 | 04-06 prova interativa de teoremas isabelle ; 04-08 prova interativa de teoremas isabelle ; 04-13 exercicios aula,bloco-05,False,concorda,Exemplos: provas sobre listas,listas
MF,provas,AULA,codigo-professor,Provas por Indução,bloco-05 bloco-06 bloco-07,label: Semana 30/03/2026 a 03/04/2026: (30/03/2026): Espe... || Sem,class 03-30..04-01 | 03-30 provas por inducao aula; 04-01 provas por inducao listas e arvores au / class 04-06..04-13 | 04-06 prova interativa de teoremas isabelle ; 04-08 prova interativa de teoremas isabelle ; 04-13 exercicios aula,bloco-06,class 04-06..04-13 | 04-06 prova interativa de teoremas isabelle ; 04-08 prova interativa de teoremas isabelle ; 04-13 exercicios aula,bloco-06,True,concorda,Exemplos - provas isabelle e isar,provas
MF,t1-2026-1-thy,AULA,codigo-professor,TDE Trabalho Discente Efetivo,bloco-11,label: Trabalho 1 (06/05/2026):,deliverable 05-06..05-06 | 05-06 logica de programas correcao parcial c,bloco-11,deliverable 05-06..05-06 | 05-06 logica de programas correcao parcial c,bloco-11,True,concorda,Arquivo .thy,T1 2026 1
MF,terminacao,AULA,codigo-professor,Verificação de Programas,bloco-10 bloco-11 bloco-12 bloco-13,label: Semana 27/04/2026 a 01/05/2026: (27/04/2026): lógi... || Sem,class 04-27..05-04 | 04-27 logica de hoare aula; 04-29 logica de hoare aula; 05-04 exercicios aula / deliverable 05-06..05-06 | 05-06 logica de programas correcao parcial c,bloco-12,class 05-11..05-11 | 05-11 terminacao introducao ao dafny aula,bloco-12,True,concorda,Exemplos (Terminacao),Terminacao
MF,tiposindutivos,AULA,codigo-professor,Verificação de Programas,bloco-15,label: Semana 01/06/2026 a 05/06/2026: (01/06/2026): Clas... || Sem,class 06-01..06-10 | 06-01 logica de programas orientacao a objet; 06-03 logica de programas orientacao a objet; 06-08 logica de programas orientacao a objet,bloco-15,class 06-01..06-10 | 06-01 logica de programas orientacao a objet; 06-03 logica de programas orientacao a objet; 06-08 logica de programas orientacao a objet,bloco-10,False,concorda,Exemplos (Tipos Indutivos),Tiposindutivos
MF,archive-of-formal-proofs-355fb8,REF,references,,,,,bloco-01,class 03-02..03-02 | 03-02 apresentacao da disciplina aula,bloco-01,True,sem posicao datada,,Archive of Formal Proofs
MF,aws-encryption-sdk,REF,bibliografia,,,,,bloco-01,class 03-02..03-02 | 03-02 apresentacao da disciplina aula,bloco-01,True,sem posicao datada,,GitHub - aws/aws-encryption-sdk: AWS Encryption SDK · GitHub
MF,eth2,REF,bibliografia,,,,,bloco-01,class 03-02..03-02 | 03-02 apresentacao da disciplina aula,bloco-01,True,sem posicao datada,,GitHub - Consensys/eth2.0-dafny: Eth2.0 spec in Dafny · GitH
SO,0205-laminas-segmentacao,AULA,material-de-aula,Gerência de Memória,bloco-13 bloco-14 bloco-15 bloco-16,irmaos datados do card (faixa),class 05-12..05-12 | 05-12 gerencia de memoria memoria virtual pa / deliverable 05-14..05-14 | 05-14 apresentacao tp1 parte 1 trabalho,bloco-16,class 05-21..06-02 | 05-21 gerencia de memoria memoria virtual pa; 05-26 gerencia de memoria memoria virtual se; 05-28 gerencia de memoria memoria virtual se,bloco-16,True,concorda,02/05 Lâminas: Segmentação,02.05 Lâminas Segmentação
SO,0206-laminas-gerencia-de-i-o-livro-texto,AULA,material-de-aula,Gerência de I O,bloco-16,data no nome (02/06),class 05-21..06-02 | 05-21 gerencia de memoria memoria virtual pa; 05-26 gerencia de memoria memoria virtual se; 05-28 gerencia de memoria memoria virtual se,bloco-16,class 05-21..06-02 | 05-21 gerencia de memoria memoria virtual pa; 05-26 gerencia de memoria memoria virtual se; 05-28 gerencia de memoria memoria virtual se,bloco-16,True,concorda,02/06 Lâminas: Gerência de I/O (Livro-texto),02.06 Lâminas Gerência de I O (Livro-texto)
SO,0206-laminas-mecanismos-de-interrupcao,AULA,material-de-aula,Gerência de I O,bloco-16,data no nome (02/06),class 05-21..06-02 | 05-21 gerencia de memoria memoria virtual pa; 05-26 gerencia de memoria memoria virtual se; 05-28 gerencia de memoria memoria virtual se,bloco-16,class 05-21..06-02 | 05-21 gerencia de memoria memoria virtual pa; 05-26 gerencia de memoria memoria virtual se; 05-28 gerencia de memoria memoria virtual se,bloco-16,True,concorda,02/06 Lâminas: Mecanismos de Interrupção,02.06 Lâminas Mecanismos de Interrupção
SO,0206-laminas-memoria-virtual-livro-texto,AULA,material-de-aula,Gerência de Memória,bloco-16,data no nome (02/06),class 05-21..06-02 | 05-21 gerencia de memoria memoria virtual pa; 05-26 gerencia de memoria memoria virtual se; 05-28 gerencia de memoria memoria virtual se,bloco-16,class 05-21..06-02 | 05-21 gerencia de memoria memoria virtual pa; 05-26 gerencia de memoria memoria virtual se; 05-28 gerencia de memoria memoria virtual se,bloco-16,True,concorda,02/06 Lâminas: Memória Virtual (Livro-texto),02.06 Lâminas Memória Virtual (Livro-texto)
SO,0704-laminas-comunicacao-e-sincronizacao,AULA,material-de-aula,Sincronização e Comunicação de Processos,bloco-06,data no nome (07/04),class 04-07..04-09 | 04-07 gerencia do processador sincronizacao ; 04-09 gerencia do processador sincronizacao ,bloco-06,class 04-07..04-09 | 04-07 gerencia do processador sincronizacao ; 04-09 gerencia do processador sincronizacao ,bloco-06,True,concorda,07/04 Lâminas: Comunicação e Sincronização,07.04 Lâminas Comunicação e Sincronização
SO,0904-laminas-semaforos,AULA,outros,Sincronização e Comunicação de Processos,bloco-06,data no nome (09/04),class 04-07..04-09 | 04-07 gerencia do processador sincronizacao ; 04-09 gerencia do processador sincronizacao ,bloco-06,class 04-07..04-09 | 04-07 gerencia do processador sincronizacao ; 04-09 gerencia do processador sincronizacao ,bloco-06,True,concorda,09/04 Lâminas: Semáforos,09.04 Lâminas Semáforos
SO,1203-processos,AULA,material-de-aula,Processo e Estruturas de Controle,bloco-03,data no nome (12/03),class 03-10..03-17 | 03-10 historico e evolucao dos sistemas oper; 03-12 estruturas dos sistemas operacionais p; 03-17 estruturas dos sistemas operacionais p,bloco-03,class 03-10..03-17 | 03-10 historico e evolucao dos sistemas oper; 03-12 estruturas dos sistemas operacionais p; 03-17 estruturas dos sistemas operacionais p,bloco-03,True,concorda,12/03 Processos,12.03 Processos
SO,1205-laminas-gerencia-de-memoria,AULA,material-de-aula,Gerência de Memória,bloco-13,data no nome (12/05),class 05-12..05-12 | 05-12 gerencia de memoria memoria virtual pa,bloco-13,class 05-12..05-12 | 05-12 gerencia de memoria memoria virtual pa,bloco-13,True,concorda,12/05 Lâminas: Gerência de Memória,12.05 Lâminas Gerência de Memória
SO,14-04-troca-de-mensagens,AULA,material-de-aula,Sincronização e Comunicação de Processos,bloco-07,data no nome (14/04),class 04-14..04-16 | 04-14 especificacao tp1; 04-16 especificacao tp1,bloco-07,class 04-14..04-16 | 04-14 especificacao tp1; 04-16 especificacao tp1,bloco-07,True,concorda,,14 04 Troca de Mensagens
SO,1404-laminas-ipc,AULA,material-de-aula,Sincronização e Comunicação de Processos,bloco-07,data no nome (14/04),class 04-14..04-16 | 04-14 especificacao tp1; 04-16 especificacao tp1,bloco-07,class 04-14..04-16 | 04-14 especificacao tp1; 04-16 especificacao tp1,bloco-07,True,concorda,14/04 Lâminas:  IPC,14.04 Lâminas IPC
SO,1703-chamada-de-sistema,AULA,material-de-aula,Processo e Estruturas de Controle,bloco-03,data no nome (17/03),class 03-10..03-17 | 03-10 historico e evolucao dos sistemas oper; 03-12 estruturas dos sistemas operacionais p; 03-17 estruturas dos sistemas operacionais p,bloco-03,class 03-10..03-17 | 03-10 historico e evolucao dos sistemas oper; 03-12 estruturas dos sistemas operacionais p; 03-17 estruturas dos sistemas operacionais p,bloco-03,True,concorda,17/03 Chamada de Sistema,17.03 Chamada de Sistema
SO,1903-estruturas-de-controle,AULA,material-de-aula,Processo e Estruturas de Controle,bloco-04,data no nome (19/03),class 03-19..03-31 | 03-19 gerencia do processador processos cham; 03-24 gerencia do processador processos cham; 03-26 gerencia do processador threads e excl,bloco-04,class 03-19..03-31 | 03-19 gerencia do processador processos cham; 03-24 gerencia do processador processos cham; 03-26 gerencia do processador threads e excl,bloco-04,True,concorda,19/03 Estruturas de Controle,19.03 Estruturas de Controle
SO,2105-laminas-paginacao,AULA,material-de-aula,Gerência de Memória,bloco-16,data no nome (21/05),class 05-21..06-02 | 05-21 gerencia de memoria memoria virtual pa; 05-26 gerencia de memoria memoria virtual se; 05-28 gerencia de memoria memoria virtual se,bloco-16,class 05-21..06-02 | 05-21 gerencia de memoria memoria virtual pa; 05-26 gerencia de memoria memoria virtual se; 05-28 gerencia de memoria memoria virtual se,bloco-16,True,concorda,21/05 Lâminas: Paginação,21.05 Lâminas Paginação
SO,2306-laminas-gerencia-de-arquivos,AULA,material-de-aula,Gerência de Arquivos,bloco-20,data no nome (23/06),class 06-16..06-23 | 06-16 gerencia de arquivos aula; 06-18 gerencia de arquivos aula; 06-23 gerencia de arquivos,bloco-20,class 06-16..06-23 | 06-16 gerencia de arquivos aula; 06-18 gerencia de arquivos aula; 06-23 gerencia de arquivos,bloco-20,True,concorda,23/06 Lâminas: Gerência de Arquivos,23.06 Lâminas Gerência de Arquivos
SO,2306-laminas-laminas-armazenamento-em-massa,AULA,material-de-aula,Gerência de Arquivos,bloco-20,data no nome (23/06),class 06-16..06-23 | 06-16 gerencia de arquivos aula; 06-18 gerencia de arquivos aula; 06-23 gerencia de arquivos,bloco-20,class 06-16..06-23 | 06-16 gerencia de arquivos aula; 06-18 gerencia de arquivos aula; 06-23 gerencia de arquivos,bloco-20,True,concorda,23/06 Lâminas: Lâminas: Armazenamento em Massa,23.06 Lâminas Lâminas Armazenamento em Massa
SO,2403-escalonamento-de-processos,AULA,material-de-aula,Gerência de Processos CPU,bloco-04,data no nome (24/03),class 03-19..03-31 | 03-19 gerencia do processador processos cham; 03-24 gerencia do processador processos cham; 03-26 gerencia do processador threads e excl,bloco-04,class 03-19..03-31 | 03-19 gerencia do processador processos cham; 03-24 gerencia do processador processos cham; 03-26 gerencia do processador threads e excl,bloco-04,True,concorda,24/03 Escalonamento de Processos,24.03 Escalonamento de Processos
SO,2603-algoritmos-de-escalonamento,AULA,material-de-aula,Gerência de Processos CPU,bloco-04,data no nome (26/03),class 03-19..03-31 | 03-19 gerencia do processador processos cham; 03-24 gerencia do processador processos cham; 03-26 gerencia do processador threads e excl,bloco-04,class 03-19..03-31 | 03-19 gerencia do processador processos cham; 03-24 gerencia do processador processos cham; 03-26 gerencia do processador threads e excl,bloco-04,True,concorda,26/03 Algoritmos de Escalonamento,26.03 Algoritmos de Escalonamento
SO,3103-threads,AULA,material-de-aula,Threads,bloco-04,data no nome (31/03),class 03-19..03-31 | 03-19 gerencia do processador processos cham; 03-24 gerencia do processador processos cham; 03-26 gerencia do processador threads e excl,bloco-04,class 03-19..03-31 | 03-19 gerencia do processador processos cham; 03-24 gerencia do processador processos cham; 03-26 gerencia do processador threads e excl,bloco-04,True,concorda,31/03 Threads,31.03 Threads
SO,apresentacao-da-disciplina,AULA,material-de-aula,Informações Gerais,,,,bloco-01,overview 03-03..03-03 | 03-03 apresentacao da disciplina e introduca,bloco-04,False,sem posicao datada,Apresentação da Disciplina,Apresentação da Disciplina
SO,biblioteca-em-c-pthread,REF,bibliografia,Threads,bloco-04 bloco-06,irmaos datados do card (faixa),class 03-19..03-31 | 03-19 gerencia do processador processos cham; 03-24 gerencia do processador processos cham; 03-26 gerencia do processador threads e excl / class 04-07..04-09 | 04-07 gerencia do processador sincronizacao ; 04-09 gerencia do processador sincronizacao ,bloco-04,class 03-19..03-31 | 03-19 gerencia do processador processos cham; 03-24 gerencia do processador processos cham; 03-26 gerencia do processador threads e excl,bloco-04,True,concorda,Biblioteca em C - pthread,Biblioteca em C - pthread
SO,definicao-e-historico,AULA,material-de-aula,Introdução aos Sistemas Operacionais,,,,bloco-03,class 03-10..03-17 | 03-10 historico e evolucao dos sistemas oper; 03-12 estruturas dos sistemas operacionais p; 03-17 estruturas dos sistemas operacionais p,bloco-03,True,sem posicao datada,Definição e Histórico,Definição e Histórico
SO,exercicios,AULA,listas,Gerência de Processos CPU,bloco-04,irmaos datados do card (faixa),class 03-19..03-31 | 03-19 gerencia do processador processos cham; 03-24 gerencia do processador processos cham; 03-26 gerencia do processador threads e excl,bloco-04,class 03-19..03-31 | 03-19 gerencia do processador processos cham; 03-24 gerencia do processador processos cham; 03-26 gerencia do processador threads e excl,bloco-03,False,concorda,Exercícios,Exercícios
SO,exercicios-p2,AULA,listas,Informações Gerais,,,,bloco-20,class 06-16..06-23 | 06-16 gerencia de arquivos aula; 06-18 gerencia de arquivos aula; 06-23 gerencia de arquivos,bloco-20,True,sem posicao datada,Exercícios P2,Exercícios P2
SO,laminas-cs-4244-internet-programming-sockets-programming,REF,bibliografia,Sincronização e Comunicação de Processos,bloco-06 bloco-07,irmaos datados do card (faixa),class 04-07..04-09 | 04-07 gerencia do processador sincronizacao ; 04-09 gerencia do processador sincronizacao  / class 04-14..04-16 | 04-14 especificacao tp1; 04-16 especificacao tp1,bloco-09,class 04-23..04-28 | 04-23 comunicacao entre processos pipes fila; 04-28 exercicios aula,bloco-03,False,gold DEPOIS da postagem,Lâminas: CS 4244 Internet Programming Sockets Programming,Lâminas CS 4244 Internet Programming Sockets Programming
SO,laminas-sockets-material-alternativo-em-pt,REF,bibliografia,Sincronização e Comunicação de Processos,bloco-06 bloco-07,irmaos datados do card (faixa),class 04-07..04-09 | 04-07 gerencia do processador sincronizacao ; 04-09 gerencia do processador sincronizacao  / class 04-14..04-16 | 04-14 especificacao tp1; 04-16 especificacao tp1,bloco-09,class 04-23..04-28 | 04-23 comunicacao entre processos pipes fila; 04-28 exercicios aula,bloco-09,True,gold DEPOIS da postagem,Lâminas:  Sockets (material alternativo em PT),Lâminas Sockets (material alternativo em PT)
SO,lista-exercicios-p1,AULA,listas,Informações Gerais,,,,bloco-09,class 04-23..04-28 | 04-23 comunicacao entre processos pipes fila; 04-28 exercicios aula,bloco-09,True,sem posicao datada,Lista Exercícios P1,Lista Exercícios P1
SO,lista-exercicios-p1-gabarito,AULA,gabaritos,Informações Gerais,,,,bloco-09,class 04-23..04-28 | 04-23 comunicacao entre processos pipes fila; 04-28 exercicios aula,bloco-09,True,sem posicao datada,Lista Exercícios P1 Gabarito,Lista Exercícios P1 Gabarito
SO,lista-exercicios-p2,AULA,listas,Informações Gerais,,,,bloco-20,class 06-16..06-23 | 06-16 gerencia de arquivos aula; 06-18 gerencia de arquivos aula; 06-23 gerencia de arquivos,bloco-20,True,sem posicao datada,Lista Exercícios P2,Lista Exercícios P2
SO,plano-de-ensino,BASE,cronograma,Informações Gerais,,,,bloco-01,overview 03-03..03-03 | 03-03 apresentacao da disciplina e introduca,bloco-01,True,sem posicao datada,,Plano de Ensino
SO,programa,AULA,outros,Informações Gerais,,,,bloco-01,overview 03-03..03-03 | 03-03 apresentacao da disciplina e introduca,bloco-04,False,sem posicao datada,Programa,Programa
SO,questoes-do-enade-sobre-sisop,AULA,listas,Informações Gerais,,,,bloco-01,overview 03-03..03-03 | 03-03 apresentacao da disciplina e introduca,bloco-04,False,sem posicao datada,Questões do ENADE sobre SISOP,Questões do ENADE sobre SISOP
SO,0704-exemplo-threads-em-java,AULA,codigo-professor,Threads,bloco-06,data no nome (07/04),class 04-07..04-09 | 04-07 gerencia do processador sincronizacao ; 04-09 gerencia do processador sincronizacao ,bloco-06,class 04-07..04-09 | 04-07 gerencia do processador sincronizacao ; 04-09 gerencia do processador sincronizacao ,bloco-06,True,concorda,07/04 Exemplo: threads em Java,07.04 Exemplo threads em Java
SO,exemplo-criacao-de-processos-no-unix-linux-filho,AULA,codigo-professor,Processo e Estruturas de Controle,bloco-03 bloco-04,irmaos datados do card (faixa),class 03-10..03-17 | 03-10 historico e evolucao dos sistemas oper; 03-12 estruturas dos sistemas operacionais p; 03-17 estruturas dos sistemas operacionais p / class 03-19..03-31 | 03-19 gerencia do processador processos cham; 03-24 gerencia do processador processos cham; 03-26 gerencia do processador threads e excl,bloco-03,class 03-10..03-17 | 03-10 historico e evolucao dos sistemas oper; 03-12 estruturas dos sistemas operacionais p; 03-17 estruturas dos sistemas operacionais p,bloco-09,False,concorda,Exemplo: Criação de Processos no Unix/Linux,Exemplo Criação de Processos no Unix Linux - filho
SO,exemplo-criacao-de-processos-no-unix-linux-teste01,AULA,codigo-professor,Processo e Estruturas de Controle,bloco-03 bloco-04,irmaos datados do card (faixa),class 03-10..03-17 | 03-10 historico e evolucao dos sistemas oper; 03-12 estruturas dos sistemas operacionais p; 03-17 estruturas dos sistemas operacionais p / class 03-19..03-31 | 03-19 gerencia do processador processos cham; 03-24 gerencia do processador processos cham; 03-26 gerencia do processador threads e excl,bloco-03,class 03-10..03-17 | 03-10 historico e evolucao dos sistemas oper; 03-12 estruturas dos sistemas operacionais p; 03-17 estruturas dos sistemas operacionais p,bloco-09,False,concorda,Exemplo: Criação de Processos no Unix/Linux,Exemplo Criação de Processos no Unix Linux - teste01
SO,exemplo-criacao-de-processos-no-unix-linux-teste02,AULA,codigo-professor,Processo e Estruturas de Controle,bloco-03 bloco-04,irmaos datados do card (faixa),class 03-10..03-17 | 03-10 historico e evolucao dos sistemas oper; 03-12 estruturas dos sistemas operacionais p; 03-17 estruturas dos sistemas operacionais p / class 03-19..03-31 | 03-19 gerencia do processador processos cham; 03-24 gerencia do processador processos cham; 03-26 gerencia do processador threads e excl,bloco-03,class 03-10..03-17 | 03-10 historico e evolucao dos sistemas oper; 03-12 estruturas dos sistemas operacionais p; 03-17 estruturas dos sistemas operacionais p,bloco-09,False,concorda,Exemplo: Criação de Processos no Unix/Linux,Exemplo Criação de Processos no Unix Linux - teste02
SO,exemplo-criacao-de-processos-no-unix-linux-teste03,AULA,codigo-professor,Processo e Estruturas de Controle,bloco-03 bloco-04,irmaos datados do card (faixa),class 03-10..03-17 | 03-10 historico e evolucao dos sistemas oper; 03-12 estruturas dos sistemas operacionais p; 03-17 estruturas dos sistemas operacionais p / class 03-19..03-31 | 03-19 gerencia do processador processos cham; 03-24 gerencia do processador processos cham; 03-26 gerencia do processador threads e excl,bloco-03,class 03-10..03-17 | 03-10 historico e evolucao dos sistemas oper; 03-12 estruturas dos sistemas operacionais p; 03-17 estruturas dos sistemas operacionais p,bloco-09,False,concorda,Exemplo: Criação de Processos no Unix/Linux,Exemplo Criação de Processos no Unix Linux - teste03
SO,exemplo-threads-em-c-exemplo1,AULA,codigo-professor,Threads,bloco-04 bloco-06,irmaos datados do card (faixa),class 03-19..03-31 | 03-19 gerencia do processador processos cham; 03-24 gerencia do processador processos cham; 03-26 gerencia do processador threads e excl / class 04-07..04-09 | 04-07 gerencia do processador sincronizacao ; 04-09 gerencia do processador sincronizacao ,bloco-04,class 03-19..03-31 | 03-19 gerencia do processador processos cham; 03-24 gerencia do processador processos cham; 03-26 gerencia do processador threads e excl,bloco-04,True,concorda,Exemplo: threads em C,Exemplo threads em C - exemplo1
SO,exemplo-threads-em-c-exemplo2,AULA,codigo-professor,Threads,bloco-04 bloco-06,irmaos datados do card (faixa),class 03-19..03-31 | 03-19 gerencia do processador processos cham; 03-24 gerencia do processador processos cham; 03-26 gerencia do processador threads e excl / class 04-07..04-09 | 04-07 gerencia do processador sincronizacao ; 04-09 gerencia do processador sincronizacao ,bloco-04,class 03-19..03-31 | 03-19 gerencia do processador processos cham; 03-24 gerencia do processador processos cham; 03-26 gerencia do processador threads e excl,bloco-04,True,concorda,Exemplo: threads em C,Exemplo threads em C - exemplo2
SO,exemplo-threads-em-c-exemplo3,AULA,codigo-professor,Threads,bloco-04 bloco-06,irmaos datados do card (faixa),class 03-19..03-31 | 03-19 gerencia do processador processos cham; 03-24 gerencia do processador processos cham; 03-26 gerencia do processador threads e excl / class 04-07..04-09 | 04-07 gerencia do processador sincronizacao ; 04-09 gerencia do processador sincronizacao ,bloco-04,class 03-19..03-31 | 03-19 gerencia do processador processos cham; 03-24 gerencia do processador processos cham; 03-26 gerencia do processador threads e excl,bloco-04,True,concorda,Exemplo: threads em C,Exemplo threads em C - exemplo3
IA,ia-responsável-7c4626,REF,references,,,,,bloco-01,overview 03-02..03-02 | 03-02 plano de ensino conteudo programatico ,bloco-01,True,sem posicao datada,,IA Responsável
IA,o-que-é-inteligência-artificial-ia-oracle-brasil-43437f,REF,references,,,,,bloco-01,overview 03-02..03-02 | 03-02 plano de ensino conteudo programatico ,bloco-01,True,sem posicao datada,,O que é Inteligência Artificial (IA)? | Oracle Brasil
IA,visao-geral-introducao-e-historico,AULA,material-de-aula,Semana 1 - 02.03 a 06.03 - Plano de Ensino e Introdução a IA,bloco-01 bloco-02,secao: Semana 1 - 02/03 a 06/03 - Plano de Ensi,overview 03-02..03-02 | 03-02 plano de ensino conteudo programatico  / class 03-04..03-04 | 03-04 visao geral da ia aula,bloco-02,class 03-04..03-04 | 03-04 visao geral da ia aula,bloco-02,True,concorda,Visão Geral - Introdução e Histórico,Visão Geral - Introdução e Histórico
IA,analise-exploratoria-dos-dados-exemplo-2,AULA,codigo-professor,Semana 3 - 16.03 a 20.03 - Machine Learning e Dados,bloco-04 bloco-05,secao: Semana 3 - 16/03 a 20/03 - Machine Learn,class 03-11..03-16 | 03-11 ml tipos de dados e preparacao de dado; 03-16 ml preparacao de dados aula / class 03-18..04-15 | 03-18 ml abordagem supervisionada k nn aula; 03-23 ml abordagem supervisionada k nn aula; 03-25 ml abordagem supervisionada rede neura,bloco-04,class 03-11..03-16 | 03-11 ml tipos de dados e preparacao de dado; 03-16 ml preparacao de dados aula,bloco-04,True,concorda,Analise Exploratória dos Dados - Exemplo 2,Analise Exploratória dos Dados - Exemplo 2
IA,caracteristicas-dos-dados,AULA,material-de-aula,Semana 2 - 09.03 a 13.03 - Introdução a IA (continuação) e Introdução a ML,bloco-03 bloco-04,secao: Semana 2 - 09/03 a 13/03 - Introdução a ,overview 03-09..03-09 | 03-09 ml introducao a ml aula / class 03-11..03-16 | 03-11 ml tipos de dados e preparacao de dado; 03-16 ml preparacao de dados aula,bloco-04,class 03-11..03-16 | 03-11 ml tipos de dados e preparacao de dado; 03-16 ml preparacao de dados aula,bloco-04,True,concorda,Características dos Dados,Características dos Dados
IA,introducao-a-ml,AULA,material-de-aula,Semana 2 - 09.03 a 13.03 - Introdução a IA (continuação) e Introdução a ML,bloco-03 bloco-04,secao: Semana 2 - 09/03 a 13/03 - Introdução a ,overview 03-09..03-09 | 03-09 ml introducao a ml aula / class 03-11..03-16 | 03-11 ml tipos de dados e preparacao de dado; 03-16 ml preparacao de dados aula,bloco-03,overview 03-09..03-09 | 03-09 ml introducao a ml aula,bloco-03,True,concorda,Introdução a ML,Introdução a ML
IA,algoritmo-de-classificacao-k-nn,AULA,material-de-aula,Semana 3 - 16.03 a 20.03 - Machine Learning e Dados,bloco-04 bloco-05,secao: Semana 3 - 16/03 a 20/03 - Machine Learn,class 03-11..03-16 | 03-11 ml tipos de dados e preparacao de dado; 03-16 ml preparacao de dados aula / class 03-18..04-15 | 03-18 ml abordagem supervisionada k nn aula; 03-23 ml abordagem supervisionada k nn aula; 03-25 ml abordagem supervisionada rede neura,bloco-05,class 03-18..04-15 | 03-18 ml abordagem supervisionada k nn aula; 03-23 ml abordagem supervisionada k nn aula; 03-25 ml abordagem supervisionada rede neura,bloco-04,False,concorda,Algoritmo de Classificação k-NN,Algoritmo de Classificação k-NN
IA,artigo-usando-k-nn-em-texto,REF,bibliografia,Semana 3 - 16.03 a 20.03 - Machine Learning e Dados,bloco-04 bloco-05,secao: Semana 3 - 16/03 a 20/03 - Machine Learn,class 03-11..03-16 | 03-11 ml tipos de dados e preparacao de dado; 03-16 ml preparacao de dados aula / class 03-18..04-15 | 03-18 ml abordagem supervisionada k nn aula; 03-23 ml abordagem supervisionada k nn aula; 03-25 ml abordagem supervisionada rede neura,bloco-05,class 03-18..04-15 | 03-18 ml abordagem supervisionada k nn aula; 03-23 ml abordagem supervisionada k nn aula; 03-25 ml abordagem supervisionada rede neura,bloco-05,True,concorda,Artigo usando k-NN em texto,Artigo usando k-NN em texto
IA,arvores-de-decisao,AULA,material-de-aula,Semana 7 - 13.04 a 17.04 - ML - Aprendizado Supervisionado,bloco-05,secao: Semana 7 - 13/04 a 17/04 - ML - Aprendiz,class 03-18..04-15 | 03-18 ml abordagem supervisionada k nn aula; 03-23 ml abordagem supervisionada k nn aula; 03-25 ml abordagem supervisionada rede neura,bloco-05,class 03-18..04-15 | 03-18 ml abordagem supervisionada k nn aula; 03-23 ml abordagem supervisionada k nn aula; 03-25 ml abordagem supervisionada rede neura,bloco-05,True,concorda,Árvores de Decisão,Árvores de Decisão
IA,exemplo-de-programa-com-k-nn-em-java,AULA,codigo-professor,Semana 3 - 16.03 a 20.03 - Machine Learning e Dados,bloco-04 bloco-05,secao: Semana 3 - 16/03 a 20/03 - Machine Learn,class 03-11..03-16 | 03-11 ml tipos de dados e preparacao de dado; 03-16 ml preparacao de dados aula / class 03-18..04-15 | 03-18 ml abordagem supervisionada k nn aula; 03-23 ml abordagem supervisionada k nn aula; 03-25 ml abordagem supervisionada rede neura,bloco-05,class 03-18..04-15 | 03-18 ml abordagem supervisionada k nn aula; 03-23 ml abordagem supervisionada k nn aula; 03-25 ml abordagem supervisionada rede neura,bloco-04,False,concorda,Exemplo de programa com k-NN (em java),Exemplo de programa com k-NN (em java)
IA,introducao-a-redes-neurais,AULA,material-de-aula,Semana 4 - 23.03 a 27.03 - Machine Learning Aprendizado Supervisionado,bloco-05,secao: Semana 4 - 23/03 a 27/03 - Machine Learn,class 03-18..04-15 | 03-18 ml abordagem supervisionada k nn aula; 03-23 ml abordagem supervisionada k nn aula; 03-25 ml abordagem supervisionada rede neura,bloco-05,class 03-18..04-15 | 03-18 ml abordagem supervisionada k nn aula; 03-23 ml abordagem supervisionada k nn aula; 03-25 ml abordagem supervisionada rede neura,bloco-05,True,concorda,Introducao a redes neurais,Introducao a redes neurais
IA,mlp,AULA,material-de-aula,Semana 5 -30.03 a 01.04 ML - Aprendizado Supervisionado,bloco-05,secao: Semana 5 -30/03 a 01/04: ML - Aprendizad,class 03-18..04-15 | 03-18 ml abordagem supervisionada k nn aula; 03-23 ml abordagem supervisionada k nn aula; 03-25 ml abordagem supervisionada rede neura,bloco-05,class 03-18..04-15 | 03-18 ml abordagem supervisionada k nn aula; 03-23 ml abordagem supervisionada k nn aula; 03-25 ml abordagem supervisionada rede neura,bloco-05,True,concorda,MLP,MLP
IA,rede-perceptron,AULA,material-de-aula,Semana 4 - 23.03 a 27.03 - Machine Learning Aprendizado Supervisionado,bloco-05,secao: Semana 4 - 23/03 a 27/03 - Machine Learn,class 03-18..04-15 | 03-18 ml abordagem supervisionada k nn aula; 03-23 ml abordagem supervisionada k nn aula; 03-25 ml abordagem supervisionada rede neura,bloco-05,class 03-18..04-15 | 03-18 ml abordagem supervisionada k nn aula; 03-23 ml abordagem supervisionada k nn aula; 03-25 ml abordagem supervisionada rede neura,bloco-05,True,concorda,Rede Perceptron,Rede Perceptron
IA,rede-perceptron-e-equacao-de-reta,AULA,material-de-aula,Semana 5 -30.03 a 01.04 ML - Aprendizado Supervisionado,bloco-05,secao: Semana 5 -30/03 a 01/04: ML - Aprendizad,class 03-18..04-15 | 03-18 ml abordagem supervisionada k nn aula; 03-23 ml abordagem supervisionada k nn aula; 03-25 ml abordagem supervisionada rede neura,bloco-05,class 03-18..04-15 | 03-18 ml abordagem supervisionada k nn aula; 03-23 ml abordagem supervisionada k nn aula; 03-25 ml abordagem supervisionada rede neura,bloco-05,True,concorda,Rede Perceptron e Equação de Reta,Rede Perceptron e Equação de Reta
IA,como-analisar-resultados-acc-pr-re-e-f1,AULA,material-de-aula,Semana 6 - 06.04 a 10.04 - ML - Aprendizado Supervisionado,bloco-05,secao: Semana 6 - 06/04 a 10/04 - ML - Aprendiz,class 03-18..04-15 | 03-18 ml abordagem supervisionada k nn aula; 03-23 ml abordagem supervisionada k nn aula; 03-25 ml abordagem supervisionada rede neura,bloco-05,class 03-18..04-15 | 03-18 ml abordagem supervisionada k nn aula; 03-23 ml abordagem supervisionada k nn aula; 03-25 ml abordagem supervisionada rede neura,bloco-05,True,concorda,"Como analisar resultados: Acc, Pr, Re e F1","Como analisar resultados Acc, Pr, Re e F1"
IA,agrupamento-usando-k-means-exemplo-1-ipynb,AULA,codigo-professor,Semana 8 - 20.04 a 24.04 - ML - Aprendizado Não Supervisionado,bloco-07,secao: Semana 8 - 20/04 a 24/4 - ML - Aprendiza,class 04-22..04-27 | 04-22 ml abordagem nao supervisionada k mean; 04-27 ml abordagem nao supervisionada hierar,bloco-07,class 04-22..04-27 | 04-22 ml abordagem nao supervisionada k mean; 04-27 ml abordagem nao supervisionada hierar,bloco-07,True,concorda,agrupamento usando k-Means: exemplo 1 (.ipynb),agrupamento usando k-Means exemplo 1 (.ipynb)
IA,agrupamento-usando-k-means-exemplo-2-ipynb,AULA,codigo-professor,Semana 8 - 20.04 a 24.04 - ML - Aprendizado Não Supervisionado,bloco-07,secao: Semana 8 - 20/04 a 24/4 - ML - Aprendiza,class 04-22..04-27 | 04-22 ml abordagem nao supervisionada k mean; 04-27 ml abordagem nao supervisionada hierar,bloco-07,class 04-22..04-27 | 04-22 ml abordagem nao supervisionada k mean; 04-27 ml abordagem nao supervisionada hierar,bloco-07,True,concorda,agrupamento usando k-Means: exemplo 2 (.ipynb),agrupamento usando k-Means exemplo 2 (.ipynb)
IA,artigo-usando-agrupamento,REF,bibliografia,Semana 8 - 20.04 a 24.04 - ML - Aprendizado Não Supervisionado,bloco-07,secao: Semana 8 - 20/04 a 24/4 - ML - Aprendiza,class 04-22..04-27 | 04-22 ml abordagem nao supervisionada k mean; 04-27 ml abordagem nao supervisionada hierar,bloco-07,class 04-22..04-27 | 04-22 ml abordagem nao supervisionada k mean; 04-27 ml abordagem nao supervisionada hierar,bloco-07,True,concorda,Artigo usando agrupamento,Artigo usando agrupamento
IA,aula-sobre-agrupamento-parte-1-particional,AULA,material-de-aula,Semana 8 - 20.04 a 24.04 - ML - Aprendizado Não Supervisionado,bloco-07,secao: Semana 8 - 20/04 a 24/4 - ML - Aprendiza,class 04-22..04-27 | 04-22 ml abordagem nao supervisionada k mean; 04-27 ml abordagem nao supervisionada hierar,bloco-07,class 04-22..04-27 | 04-22 ml abordagem nao supervisionada k mean; 04-27 ml abordagem nao supervisionada hierar,bloco-07,True,concorda,Aula sobre Agrupamento  - parte 1 (particional),Aula sobre Agrupamento - parte 1 (particional)
IA,aula-sobre-agrupamento-parte-2-hierarquico,AULA,material-de-aula,Semana 9 - 27.04 a 01.05 - ML - Aprendizado Não Supervisionado,bloco-07,secao: Semana 9 - 27/04 a 01/05  - ML - Aprendi,class 04-22..04-27 | 04-22 ml abordagem nao supervisionada k mean; 04-27 ml abordagem nao supervisionada hierar,bloco-07,class 04-22..04-27 | 04-22 ml abordagem nao supervisionada k mean; 04-27 ml abordagem nao supervisionada hierar,bloco-07,True,concorda,Aula sobre Agrupamento - parte 2 (hierarquico),Aula sobre Agrupamento - parte 2 (hierarquico)
IA,survey-on-clustering,AULA,material-de-aula,Semana 8 - 20.04 a 24.04 - ML - Aprendizado Não Supervisionado,bloco-07,secao: Semana 8 - 20/04 a 24/4 - ML - Aprendiza,class 04-22..04-27 | 04-22 ml abordagem nao supervisionada k mean; 04-27 ml abordagem nao supervisionada hierar,bloco-07,class 04-22..04-27 | 04-22 ml abordagem nao supervisionada k mean; 04-27 ml abordagem nao supervisionada hierar,bloco-07,True,concorda,Survey on Clustering,Survey on Clustering
IA,prova-1-2024-02,AULA,provas,TDE Trabalho Discente Efetivo,,,,bloco-09,deliverable 05-04..05-04 | 05-04 apresentacao do t1 trabalho,bloco-05,False,sem posicao datada,Prova 1 2024/02,Prova 1 2024 02
IA,analise-exploratoria-de-dados-exemplo-1,AULA,codigo-professor,Semana 3 - 16.03 a 20.03 - Machine Learning e Dados,bloco-04 bloco-05,secao: Semana 3 - 16/03 a 20/03 - Machine Learn,class 03-11..03-16 | 03-11 ml tipos de dados e preparacao de dado; 03-16 ml preparacao de dados aula / class 03-18..04-15 | 03-18 ml abordagem supervisionada k nn aula; 03-23 ml abordagem supervisionada k nn aula; 03-25 ml abordagem supervisionada rede neura,bloco-04,class 03-11..03-16 | 03-11 ml tipos de dados e preparacao de dado; 03-16 ml preparacao de dados aula,bloco-05,False,concorda,Análise Exploratória de Dados - Exemplo 1,Análise Exploratória de Dados - Exemplo 1
IA,exemplo-2-k-nn-com-iriscsv-mais-completo,AULA,codigo-professor,Semana 3 - 16.03 a 20.03 - Machine Learning e Dados,bloco-04 bloco-05,secao: Semana 3 - 16/03 a 20/03 - Machine Learn,class 03-11..03-16 | 03-11 ml tipos de dados e preparacao de dado; 03-16 ml preparacao de dados aula / class 03-18..04-15 | 03-18 ml abordagem supervisionada k nn aula; 03-23 ml abordagem supervisionada k nn aula; 03-25 ml abordagem supervisionada rede neura,bloco-05,class 03-18..04-15 | 03-18 ml abordagem supervisionada k nn aula; 03-23 ml abordagem supervisionada k nn aula; 03-25 ml abordagem supervisionada rede neura,bloco-04,False,concorda,Exemplo 2 k-NN (com IRIS.csv) - mais completo,Exemplo 2 k-NN (com IRIS.csv) - mais completo
IA,exemplo-com-k-nn,AULA,codigo-professor,Semana 3 - 16.03 a 20.03 - Machine Learning e Dados,bloco-04 bloco-05,secao: Semana 3 - 16/03 a 20/03 - Machine Learn,class 03-11..03-16 | 03-11 ml tipos de dados e preparacao de dado; 03-16 ml preparacao de dados aula / class 03-18..04-15 | 03-18 ml abordagem supervisionada k nn aula; 03-23 ml abordagem supervisionada k nn aula; 03-25 ml abordagem supervisionada rede neura,bloco-05,class 03-18..04-15 | 03-18 ml abordagem supervisionada k nn aula; 03-23 ml abordagem supervisionada k nn aula; 03-25 ml abordagem supervisionada rede neura,bloco-04,False,concorda,Exemplo com k-NN.,Exemplo com k-NN
IA,exercicio-2-solucao-com-rede-perceptron-atualizado,AULA,codigo-professor,Semana 4 - 23.03 a 27.03 - Machine Learning Aprendizado Supervisionado,bloco-05,secao: Semana 4 - 23/03 a 27/03 - Machine Learn,class 03-18..04-15 | 03-18 ml abordagem supervisionada k nn aula; 03-23 ml abordagem supervisionada k nn aula; 03-25 ml abordagem supervisionada rede neura,bloco-05,class 03-18..04-15 | 03-18 ml abordagem supervisionada k nn aula; 03-23 ml abordagem supervisionada k nn aula; 03-25 ml abordagem supervisionada rede neura,bloco-05,True,concorda,Exercicio 2 - Solução com rede Perceptron (atualizado),Exercicio 2 - Solução com rede Perceptron (atualizado)
IA,k-nn-para-classificacao-exemplo-cardio,AULA,codigo-professor,Semana 4 - 23.03 a 27.03 - Machine Learning Aprendizado Supervisionado,bloco-05,secao: Semana 4 - 23/03 a 27/03 - Machine Learn,class 03-18..04-15 | 03-18 ml abordagem supervisionada k nn aula; 03-23 ml abordagem supervisionada k nn aula; 03-25 ml abordagem supervisionada rede neura,bloco-05,class 03-18..04-15 | 03-18 ml abordagem supervisionada k nn aula; 03-23 ml abordagem supervisionada k nn aula; 03-25 ml abordagem supervisionada rede neura,bloco-05,True,concorda,K-NN para Classificação: Exemplo Cardio,K-NN para Classificação Exemplo Cardio
IA,k-nn-para-regressao-exemplo-imc,AULA,codigo-professor,Semana 4 - 23.03 a 27.03 - Machine Learning Aprendizado Supervisionado,bloco-05,secao: Semana 4 - 23/03 a 27/03 - Machine Learn,class 03-18..04-15 | 03-18 ml abordagem supervisionada k nn aula; 03-23 ml abordagem supervisionada k nn aula; 03-25 ml abordagem supervisionada rede neura,bloco-05,class 03-18..04-15 | 03-18 ml abordagem supervisionada k nn aula; 03-23 ml abordagem supervisionada k nn aula; 03-25 ml abordagem supervisionada rede neura,bloco-05,True,concorda,K-NN para Regressão: exemplo IMC,K-NN para Regressão exemplo IMC
IA,rede-perceptron-classificacao-planta-iris,AULA,codigo-professor,Semana 4 - 23.03 a 27.03 - Machine Learning Aprendizado Supervisionado,bloco-05,secao: Semana 4 - 23/03 a 27/03 - Machine Learn,class 03-18..04-15 | 03-18 ml abordagem supervisionada k nn aula; 03-23 ml abordagem supervisionada k nn aula; 03-25 ml abordagem supervisionada rede neura,bloco-05,class 03-18..04-15 | 03-18 ml abordagem supervisionada k nn aula; 03-23 ml abordagem supervisionada k nn aula; 03-25 ml abordagem supervisionada rede neura,bloco-05,True,concorda,Rede Perceptron - Classificacao - Planta Iris,Rede Perceptron - Classificacao - Planta Iris
IA,rede-perceptron-classificacao-de-cliente,AULA,codigo-professor,Semana 4 - 23.03 a 27.03 - Machine Learning Aprendizado Supervisionado,bloco-05,secao: Semana 4 - 23/03 a 27/03 - Machine Learn,class 03-18..04-15 | 03-18 ml abordagem supervisionada k nn aula; 03-23 ml abordagem supervisionada k nn aula; 03-25 ml abordagem supervisionada rede neura,bloco-05,class 03-18..04-15 | 03-18 ml abordagem supervisionada k nn aula; 03-23 ml abordagem supervisionada k nn aula; 03-25 ml abordagem supervisionada rede neura,bloco-05,True,concorda,Rede Perceptron - Classificacao de Cliente,Rede Perceptron - Classificacao de Cliente
IA,rede-perceptron-exemplo-atualizado,AULA,codigo-professor,Semana 4 - 23.03 a 27.03 - Machine Learning Aprendizado Supervisionado,bloco-05,secao: Semana 4 - 23/03 a 27/03 - Machine Learn,class 03-18..04-15 | 03-18 ml abordagem supervisionada k nn aula; 03-23 ml abordagem supervisionada k nn aula; 03-25 ml abordagem supervisionada rede neura,bloco-05,class 03-18..04-15 | 03-18 ml abordagem supervisionada k nn aula; 03-23 ml abordagem supervisionada k nn aula; 03-25 ml abordagem supervisionada rede neura,bloco-05,True,concorda,Rede Perceptron - Exemplo Atualizado,Rede Perceptron - Exemplo Atualizado
IA,rede-perceptron-or-em-python,AULA,codigo-professor,Semana 4 - 23.03 a 27.03 - Machine Learning Aprendizado Supervisionado,bloco-05,secao: Semana 4 - 23/03 a 27/03 - Machine Learn,class 03-18..04-15 | 03-18 ml abordagem supervisionada k nn aula; 03-23 ml abordagem supervisionada k nn aula; 03-25 ml abordagem supervisionada rede neura,bloco-05,class 03-18..04-15 | 03-18 ml abordagem supervisionada k nn aula; 03-23 ml abordagem supervisionada k nn aula; 03-25 ml abordagem supervisionada rede neura,bloco-05,True,concorda,Rede Perceptron - OR em Python,Rede Perceptron - OR em Python
IA,rede-perceptron-reconhecendo-letras,AULA,codigo-professor,Semana 4 - 23.03 a 27.03 - Machine Learning Aprendizado Supervisionado,bloco-05,secao: Semana 4 - 23/03 a 27/03 - Machine Learn,class 03-18..04-15 | 03-18 ml abordagem supervisionada k nn aula; 03-23 ml abordagem supervisionada k nn aula; 03-25 ml abordagem supervisionada rede neura,bloco-05,class 03-18..04-15 | 03-18 ml abordagem supervisionada k nn aula; 03-23 ml abordagem supervisionada k nn aula; 03-25 ml abordagem supervisionada rede neura,bloco-05,True,concorda,Rede Perceptron - Reconhecendo Letras,Rede Perceptron - Reconhecendo Letras
IA,mlp-xoripynb,AULA,codigo-professor,Semana 5 -30.03 a 01.04 ML - Aprendizado Supervisionado,bloco-05,secao: Semana 5 -30/03 a 01/04: ML - Aprendizad,class 03-18..04-15 | 03-18 ml abordagem supervisionada k nn aula; 03-23 ml abordagem supervisionada k nn aula; 03-25 ml abordagem supervisionada rede neura,bloco-05,class 03-18..04-15 | 03-18 ml abordagem supervisionada k nn aula; 03-23 ml abordagem supervisionada k nn aula; 03-25 ml abordagem supervisionada rede neura,bloco-05,True,concorda,MLP - XOR.ipynb,MLP - XOR.ipynb
IA,mlp-classificacao-inadimplencia-normalizacao-e-gridsearchcv,AULA,codigo-professor,Semana 5 -30.03 a 01.04 ML - Aprendizado Supervisionado,bloco-05,secao: Semana 5 -30/03 a 01/04: ML - Aprendizad,class 03-18..04-15 | 03-18 ml abordagem supervisionada k nn aula; 03-23 ml abordagem supervisionada k nn aula; 03-25 ml abordagem supervisionada rede neura,bloco-05,class 03-18..04-15 | 03-18 ml abordagem supervisionada k nn aula; 03-23 ml abordagem supervisionada k nn aula; 03-25 ml abordagem supervisionada rede neura,bloco-05,True,concorda,MLP Classificação - Inadimplência (normalização e GridSearch,MLP Classificação - Inadimplência (normalização e GridSearch
IA,mlp-classificacao-iris-atualizado,AULA,codigo-professor,Semana 5 -30.03 a 01.04 ML - Aprendizado Supervisionado,bloco-05,secao: Semana 5 -30/03 a 01/04: ML - Aprendizad,class 03-18..04-15 | 03-18 ml abordagem supervisionada k nn aula; 03-23 ml abordagem supervisionada k nn aula; 03-25 ml abordagem supervisionada rede neura,bloco-05,class 03-18..04-15 | 03-18 ml abordagem supervisionada k nn aula; 03-23 ml abordagem supervisionada k nn aula; 03-25 ml abordagem supervisionada rede neura,bloco-05,True,concorda,MLP Classificação - IRIS atualizado,MLP Classificação - IRIS atualizado
IA,mlp-regressao-cardio,AULA,codigo-professor,Semana 5 -30.03 a 01.04 ML - Aprendizado Supervisionado,bloco-05,secao: Semana 5 -30/03 a 01/04: ML - Aprendizad,class 03-18..04-15 | 03-18 ml abordagem supervisionada k nn aula; 03-23 ml abordagem supervisionada k nn aula; 03-25 ml abordagem supervisionada rede neura,bloco-05,class 03-18..04-15 | 03-18 ml abordagem supervisionada k nn aula; 03-23 ml abordagem supervisionada k nn aula; 03-25 ml abordagem supervisionada rede neura,bloco-05,True,concorda,MLP Regressão - Cardio,MLP Regressão - Cardio
IA,xor-backpropagation-em-python,AULA,codigo-professor,Semana 5 -30.03 a 01.04 ML - Aprendizado Supervisionado,bloco-05,secao: Semana 5 -30/03 a 01/04: ML - Aprendizad,class 03-18..04-15 | 03-18 ml abordagem supervisionada k nn aula; 03-23 ml abordagem supervisionada k nn aula; 03-25 ml abordagem supervisionada rede neura,bloco-05,class 03-18..04-15 | 03-18 ml abordagem supervisionada k nn aula; 03-23 ml abordagem supervisionada k nn aula; 03-25 ml abordagem supervisionada rede neura,bloco-05,True,concorda,XOR - Backpropagation em python,XOR - Backpropagation em python
IA,exemplo-1-arvores-de-decisao-classificacao-planta-iris,AULA,codigo-professor,Semana 7 - 13.04 a 17.04 - ML - Aprendizado Supervisionado,bloco-05,secao: Semana 7 - 13/04 a 17/04 - ML - Aprendiz,class 03-18..04-15 | 03-18 ml abordagem supervisionada k nn aula; 03-23 ml abordagem supervisionada k nn aula; 03-25 ml abordagem supervisionada rede neura,bloco-05,class 03-18..04-15 | 03-18 ml abordagem supervisionada k nn aula; 03-23 ml abordagem supervisionada k nn aula; 03-25 ml abordagem supervisionada rede neura,bloco-05,True,concorda,Exemplo 1 - Árvores de Decisão: Classificação - Planta Iris,Exemplo 1 - Árvores de Decisão Classificação - Planta Iris
IA,exemplo-2-arvores-de-decisao-regressao-diabetes,AULA,codigo-professor,Semana 7 - 13.04 a 17.04 - ML - Aprendizado Supervisionado,bloco-05,secao: Semana 7 - 13/04 a 17/04 - ML - Aprendiz,class 03-18..04-15 | 03-18 ml abordagem supervisionada k nn aula; 03-23 ml abordagem supervisionada k nn aula; 03-25 ml abordagem supervisionada rede neura,bloco-05,class 03-18..04-15 | 03-18 ml abordagem supervisionada k nn aula; 03-23 ml abordagem supervisionada k nn aula; 03-25 ml abordagem supervisionada rede neura,bloco-05,True,concorda,Exemplo 2 - Arvores de Decisão - Regressão - Diabetes,Exemplo 2 - Arvores de Decisão - Regressão - Diabetes
IA,exemplo-complementar-classificacao-com-arvores-de-decisao,AULA,codigo-professor,Semana 7 - 13.04 a 17.04 - ML - Aprendizado Supervisionado,bloco-05,secao: Semana 7 - 13/04 a 17/04 - ML - Aprendiz,class 03-18..04-15 | 03-18 ml abordagem supervisionada k nn aula; 03-23 ml abordagem supervisionada k nn aula; 03-25 ml abordagem supervisionada rede neura,bloco-05,class 03-18..04-15 | 03-18 ml abordagem supervisionada k nn aula; 03-23 ml abordagem supervisionada k nn aula; 03-25 ml abordagem supervisionada rede neura,bloco-05,True,concorda,Exemplo Complementar - Classificação com Árvores de Decisão,Exemplo Complementar - Classificação com Árvores de Decisão
IA,agrupamento-hierarquico-exemplo-1,AULA,codigo-professor,Semana 9 - 27.04 a 01.05 - ML - Aprendizado Não Supervisionado,bloco-07,secao: Semana 9 - 27/04 a 01/05  - ML - Aprendi,class 04-22..04-27 | 04-22 ml abordagem nao supervisionada k mean; 04-27 ml abordagem nao supervisionada hierar,bloco-07,class 04-22..04-27 | 04-22 ml abordagem nao supervisionada k mean; 04-27 ml abordagem nao supervisionada hierar,bloco-07,True,concorda,agrupamento hierarquico - exemplo 1,agrupamento hierarquico - exemplo 1
IA,agrupamento-hierarquico-exemplo-2-use-o-dataset-da-planta-iris,AULA,codigo-professor,Semana 9 - 27.04 a 01.05 - ML - Aprendizado Não Supervisionado,bloco-07,secao: Semana 9 - 27/04 a 01/05  - ML - Aprendi,class 04-22..04-27 | 04-22 ml abordagem nao supervisionada k mean; 04-27 ml abordagem nao supervisionada hierar,bloco-07,class 04-22..04-27 | 04-22 ml abordagem nao supervisionada k mean; 04-27 ml abordagem nao supervisionada hierar,bloco-07,True,concorda,agrupamento hierarquico - exemplo 2 (use o dataset da planta,agrupamento hierarquico - exemplo 2 (use o dataset da planta
ES2,revisao-p1,AULA,listas,Exercícios Revisão para Provas,,,,bloco-04,class 04-10..04-24 | 04-10 microservicos no spring discovery aula; 04-17 microservicos no spring api gateway au; 04-24 exercicios aula,bloco-04,True,sem posicao datada,Exercícios - revisão para P1,revisao_p1
ES2,roteiro1,AULA,codigo-professor,Microsserviços,bloco-01,label: Semana 16/03/2026 a 20/03/2026: (20/03/2026): Arqu...,class 03-06..03-20 | 03-06 apresentacao da disciplina revisao de ; 03-13 arquitetura baseada em servicos monoli; 03-20 arquitetura baseada em servicos e micr,bloco-02,class 03-27..03-27 | 03-27 microsservicos no spring introducao au,bloco-01,False,gold DEPOIS da postagem,Código,roteiro1
ES2,roteiro2,AULA,codigo-professor,Microsserviços,bloco-04,label: Semana 06/04/2026 a 10/04/2026: (10/04/2026): micr...,class 04-10..04-24 | 04-10 microservicos no spring discovery aula; 04-17 microservicos no spring api gateway au; 04-24 exercicios aula,bloco-04,class 04-10..04-24 | 04-10 microservicos no spring discovery aula; 04-17 microservicos no spring api gateway au; 04-24 exercicios aula,bloco-01,False,concorda,Código,roteiro2
ES2,roteiro3,AULA,codigo-professor,Microsserviços,bloco-04,label: Semana 13/04/2026 a 17/04/2026: (17/04/2026): micr... || Sem,class 04-10..04-24 | 04-10 microservicos no spring discovery aula; 04-17 microservicos no spring api gateway au; 04-24 exercicios aula,bloco-04,class 04-10..04-24 | 04-10 microservicos no spring discovery aula; 04-17 microservicos no spring api gateway au; 04-24 exercicios aula,bloco-04,True,concorda,Código,roteiro3
ES2,roteiro5,AULA,codigo-professor,Microsserviços,bloco-08 bloco-09 bloco-10 bloco-12,label: Semana 18/05/2026 a 22/05/2026: (22/05/2026): impl... || Sem,class 05-22..05-29 | 05-22 implantacao de microservicos conteiner; 05-29 implantacao de microservicos conteiner / class 06-05..06-05 | 06-05 comunicacao assincrona aula,bloco-08,class 05-22..05-29 | 05-22 implantacao de microservicos conteiner; 05-29 implantacao de microservicos conteiner,bloco-08,True,concorda,Código,roteiro5
ES2,roteiro7,AULA,codigo-professor,Microsserviços,bloco-09,label: Semana 01/06/2026 a 05/06/2026: (05/06/2026): comu...,class 06-05..06-05 | 06-05 comunicacao assincrona aula,bloco-09,class 06-05..06-05 | 06-05 comunicacao assincrona aula,bloco-09,True,concorda,Código,roteiro7
ES2,roteiro7-history-service,AULA,codigo-professor,Microsserviços,bloco-09,label: Semana 01/06/2026 a 05/06/2026: (05/06/2026): comu...,class 06-05..06-05 | 06-05 comunicacao assincrona aula,bloco-09,class 06-05..06-05 | 06-05 comunicacao assincrona aula,bloco-09,True,concorda,Código - serviço history,roteiro7_history-service
ES2,azure,AULA,material-de-aula,Microsserviços,bloco-08 bloco-09 bloco-10 bloco-12,label: Semana 18/05/2026 a 22/05/2026: (22/05/2026): impl... || Sem,class 05-22..05-29 | 05-22 implantacao de microservicos conteiner; 05-29 implantacao de microservicos conteiner / class 06-05..06-05 | 06-05 comunicacao assincrona aula,bloco-09,class 06-05..06-05 | 06-05 comunicacao assincrona aula,bloco-01,False,concorda,Instruções: cadastro Azure para estudantes,Azure
ES2,microsservicos,AULA,material-de-aula,Microsserviços,bloco-01,label: Semana 16/03/2026 a 20/03/2026: (20/03/2026): Arqu...,class 03-06..03-20 | 03-06 apresentacao da disciplina revisao de ; 03-13 arquitetura baseada em servicos monoli; 03-20 arquitetura baseada em servicos e micr,bloco-01,class 03-06..03-20 | 03-06 apresentacao da disciplina revisao de ; 03-13 arquitetura baseada em servicos monoli; 03-20 arquitetura baseada em servicos e micr,bloco-01,True,concorda,Microsserviços,microsservicos
ES2,microsservicos2,AULA,material-de-aula,Microsserviços,bloco-04,label: Semana 06/04/2026 a 10/04/2026: (10/04/2026): micr...,class 04-10..04-24 | 04-10 microservicos no spring discovery aula; 04-17 microservicos no spring api gateway au; 04-24 exercicios aula,bloco-04,class 04-10..04-24 | 04-10 microservicos no spring discovery aula; 04-17 microservicos no spring api gateway au; 04-24 exercicios aula,bloco-04,True,concorda,Padrões para microsserviços: discovery,microsservicos2
ES2,microsservicos3,AULA,material-de-aula,Microsserviços,bloco-04,label: Semana 13/04/2026 a 17/04/2026: (17/04/2026): micr... || Sem,class 04-10..04-24 | 04-10 microservicos no spring discovery aula; 04-17 microservicos no spring api gateway au; 04-24 exercicios aula,bloco-04,class 04-10..04-24 | 04-10 microservicos no spring discovery aula; 04-17 microservicos no spring api gateway au; 04-24 exercicios aula,bloco-04,True,concorda,"Padrões para microsserviços: api gateway, bff",microsservicos3
ES2,microsservicos4,AULA,material-de-aula,Microsserviços,bloco-07,label: Semana 11/05/2026 a 15/05/2026: (15/05/2026): micr...,class 05-15..05-15 | 05-15 microservicos no spring circuit breake,bloco-07,class 05-15..05-15 | 05-15 microservicos no spring circuit breake,bloco-04,False,concorda,Padrões para microsserviços: circuit-breaker,microsservicos4
ES2,microsservicos5,AULA,material-de-aula,Microsserviços,bloco-08 bloco-09 bloco-10 bloco-12,label: Semana 18/05/2026 a 22/05/2026: (22/05/2026): impl... || Sem,class 05-22..05-29 | 05-22 implantacao de microservicos conteiner; 05-29 implantacao de microservicos conteiner / class 06-05..06-05 | 06-05 comunicacao assincrona aula,bloco-08,class 05-22..05-29 | 05-22 implantacao de microservicos conteiner; 05-29 implantacao de microservicos conteiner,bloco-04,False,concorda,Padrões para microsserviços: implantação,microsservicos5
ES2,microsservicos6,AULA,material-de-aula,Microsserviços,bloco-10,label: Semana 08/06/2026 a 12/06/2026: (12/06/2026): aute...,class 06-12..06-12 | 06-12 autenticacao e autorizacao aula,bloco-10,class 06-12..06-12 | 06-12 autenticacao e autorizacao aula,bloco-10,True,concorda,Autenticação e Autorização,microsservicos6
ES2,microsservicos7,AULA,material-de-aula,Microsserviços,bloco-09,label: Semana 01/06/2026 a 05/06/2026: (05/06/2026): comu...,class 06-05..06-05 | 06-05 comunicacao assincrona aula,bloco-09,class 06-05..06-05 | 06-05 comunicacao assincrona aula,bloco-09,True,concorda,Comunicação assíncrona,microsservicos7
ES2,plano,BASE,cronograma,Plano de Ensino,,,,bloco-01,class 03-06..03-20 | 03-06 apresentacao da disciplina revisao de ; 03-13 arquitetura baseada em servicos monoli; 03-20 arquitetura baseada em servicos e micr,bloco-01,True,sem posicao datada,Plano de Ensino,plano
ES2,revisaoarquiteturapadroes,AULA,material-de-aula,Revisão,bloco-01,label: Semana 02/03/2026 a 06/03/2026: (06/03/2026): apre... || Sem,class 03-06..03-20 | 03-06 apresentacao da disciplina revisao de ; 03-13 arquitetura baseada em servicos monoli; 03-20 arquitetura baseada em servicos e micr,bloco-01,class 03-06..03-20 | 03-06 apresentacao da disciplina revisao de ; 03-13 arquitetura baseada em servicos monoli; 03-20 arquitetura baseada em servicos e micr,bloco-01,True,concorda,Arquitetura e padrões: revisão de conceitos,RevisaoArquiteturaPadroes
ES2,roteiro1-introducao,AULA,material-de-aula,Microsserviços,bloco-01,label: Semana 16/03/2026 a 20/03/2026: (20/03/2026): Arqu...,class 03-06..03-20 | 03-06 apresentacao da disciplina revisao de ; 03-13 arquitetura baseada em servicos monoli; 03-20 arquitetura baseada em servicos e micr,bloco-02,class 03-27..03-27 | 03-27 microsservicos no spring introducao au,bloco-01,False,gold DEPOIS da postagem,Roteiro 1,Roteiro1_introducao
ES2,roteiro2-nameserver,AULA,material-de-aula,Microsserviços,bloco-04,label: Semana 06/04/2026 a 10/04/2026: (10/04/2026): micr...,class 04-10..04-24 | 04-10 microservicos no spring discovery aula; 04-17 microservicos no spring api gateway au; 04-24 exercicios aula,bloco-04,class 04-10..04-24 | 04-10 microservicos no spring discovery aula; 04-17 microservicos no spring api gateway au; 04-24 exercicios aula,bloco-01,False,concorda,Roteiro 2,Roteiro2_nameserver
ES2,roteiro3-gateway,AULA,material-de-aula,Microsserviços,bloco-04,label: Semana 13/04/2026 a 17/04/2026: (17/04/2026): micr... || Sem,class 04-10..04-24 | 04-10 microservicos no spring discovery aula; 04-17 microservicos no spring api gateway au; 04-24 exercicios aula,bloco-04,class 04-10..04-24 | 04-10 microservicos no spring discovery aula; 04-17 microservicos no spring api gateway au; 04-24 exercicios aula,bloco-04,True,concorda,Roteiro 3,Roteiro3_gateway
ES2,roteiro4-circuitbreaker,AULA,material-de-aula,Microsserviços,bloco-07,label: Semana 11/05/2026 a 15/05/2026: (15/05/2026): micr...,class 05-15..05-15 | 05-15 microservicos no spring circuit breake,bloco-07,class 05-15..05-15 | 05-15 microservicos no spring circuit breake,bloco-04,False,concorda,Roteiro 4,Roteiro4_circuitbreaker
ES2,roteiro5-conteiners,AULA,material-de-aula,Microsserviços,bloco-08 bloco-09 bloco-10 bloco-12,label: Semana 18/05/2026 a 22/05/2026: (22/05/2026): impl... || Sem,class 05-22..05-29 | 05-22 implantacao de microservicos conteiner; 05-29 implantacao de microservicos conteiner / class 06-05..06-05 | 06-05 comunicacao assincrona aula,bloco-08,class 05-22..05-29 | 05-22 implantacao de microservicos conteiner; 05-29 implantacao de microservicos conteiner,bloco-08,True,concorda,Roteiro 5,Roteiro5_conteiners
ES2,roteiro7-filas,AULA,material-de-aula,Microsserviços,bloco-09,label: Semana 01/06/2026 a 05/06/2026: (05/06/2026): comu...,class 06-05..06-05 | 06-05 comunicacao assincrona aula,bloco-09,class 06-05..06-05 | 06-05 comunicacao assincrona aula,bloco-09,True,concorda,Roteiro 7,Roteiro7_filas
ES2,roteiro8-autenticacao-autorizacao,AULA,material-de-aula,Microsserviços,bloco-10,label: Semana 08/06/2026 a 12/06/2026: (12/06/2026): aute...,class 06-12..06-12 | 06-12 autenticacao e autorizacao aula,bloco-10,class 06-12..06-12 | 06-12 autenticacao e autorizacao aula,bloco-10,True,concorda,Roteiro 8,Roteiro8_autenticacao_autorizacao
ES2,servicos,AULA,material-de-aula,Revisão,bloco-01,label: Semana 02/03/2026 a 06/03/2026: (06/03/2026): apre... || Sem,class 03-06..03-20 | 03-06 apresentacao da disciplina revisao de ; 03-13 arquitetura baseada em servicos monoli; 03-20 arquitetura baseada em servicos e micr,bloco-01,class 03-06..03-20 | 03-06 apresentacao da disciplina revisao de ; 03-13 arquitetura baseada em servicos monoli; 03-20 arquitetura baseada em servicos e micr,bloco-01,True,concorda,Serviços: revisão de conceitos,servicos
ES2,web,AULA,material-de-aula,Revisão,bloco-01,label: Semana 02/03/2026 a 06/03/2026: (06/03/2026): apre... || Sem,class 03-06..03-20 | 03-06 apresentacao da disciplina revisao de ; 03-13 arquitetura baseada em servicos monoli; 03-20 arquitetura baseada em servicos e micr,bloco-01,class 03-06..03-20 | 03-06 apresentacao da disciplina revisao de ; 03-13 arquitetura baseada em servicos monoli; 03-20 arquitetura baseada em servicos e micr,bloco-01,True,concorda,Sistemas na web: revisão de conceitos,web
ES2,roteiro4,AULA,codigo-professor,Microsserviços,bloco-07,label: Semana 11/05/2026 a 15/05/2026: (15/05/2026): micr...,class 05-15..05-15 | 05-15 microservicos no spring circuit breake,bloco-07,class 05-15..05-15 | 05-15 microservicos no spring circuit breake,bloco-04,False,concorda,Código,roteiro4
ES2,devops,AULA,material-de-aula,DevOps,bloco-12,label: Semana 22/06/2026 a 26/06/2026: (26/06/2026): DevO...,class 06-26..06-26 | 06-26 devops exercicios aula,bloco-12,class 06-26..06-26 | 06-26 devops exercicios aula,bloco-12,True,concorda,DevOps,devops
TCC,3d-matching,AULA,material-de-aula,Semana 14 - Apresentações T2,,,,bloco-25,deliverable 06-12..06-12 | 06-12 oficina de problemas entrega t2 trabal,bloco-25,True,sem posicao datada,,3D Matching
TCC,3dm-caetano-gabriel-e-gustavo,AULA,trabalhos,Semana 14 - Apresentações T2,,,,bloco-25,deliverable 06-12..06-12 | 06-12 oficina de problemas entrega t2 trabal,bloco-25,True,sem posicao datada,3D Matching,"3DM - Caetano, Gabriel e Gustavo"
TCC,aula-01-apresentacao-da-disciplina-revisao-de-teoria-de-conjuntos-e-enumerabilidade,AULA,material-de-aula,Semana 1 - Enumerabilidade e Argumento da Diagonalização de Cantor,,,,bloco-01,class 03-04..03-04 | 03-04 apresentacao,bloco-01,True,sem posicao datada,"Aula 01 - Apresentação da Disciplina, Revisão de Teoria de C","Aula 01 - Apresentação da Disciplina, Revisão de Teoria de C"
TCC,aula-02-conjuntos-enumeraveis-e-nao-enumeraveis-argumento-da-diagonalizacao-de-cantor,AULA,material-de-aula,Semana 1 - Enumerabilidade e Argumento da Diagonalização de Cantor,,,,bloco-02,class 03-06..03-06 | 03-06 conjuntos enumeraveis e nao enumeravei,bloco-02,True,sem posicao datada,Aula 02 - Conjuntos Enumeráveis e Não-Enumeráveis; Argumento,Aula 02 - Conjuntos Enumeráveis e Não-Enumeráveis; Argumento
TCC,aula-03-funcoes-recursivas-primitivas-e-composicao-de-funcoes,AULA,material-de-aula,"Semana 2 - Funções Recursivas Primitivas, Parciais e Totais",,,,bloco-03,class 03-11..03-18 | 03-11 funcoes recursivas primitivas; 03-13 funcoes recursivas parciais; 03-18 minimizacao de funcoes recursivas parc,bloco-03,True,sem posicao datada,Aula 03 - Funções Recursivas Primitivas e Composição de Funç,Aula 03 - Funções Recursivas Primitivas e Composição de Funç
TCC,aula-04-funcoes-computaveis-funcoes-recursivas-parciais-pdf,AULA,material-de-aula,"Semana 2 - Funções Recursivas Primitivas, Parciais e Totais",,,,bloco-03,class 03-11..03-18 | 03-11 funcoes recursivas primitivas; 03-13 funcoes recursivas parciais; 03-18 minimizacao de funcoes recursivas parc,bloco-03,True,sem posicao datada,Aula 04 - Funções Computáveis: Funções Recursivas Parciais,Aula 04 - Funções Computáveis Funções Recursivas Parciais
TCC,aula-05-minimizacao-de-funcoes-recursivas-parciais,AULA,material-de-aula,Semana 3 - Operações de Minimização e Trabalho T1,,,,bloco-03,class 03-11..03-18 | 03-11 funcoes recursivas primitivas; 03-13 funcoes recursivas parciais; 03-18 minimizacao de funcoes recursivas parc,bloco-03,True,sem posicao datada,Aula 05 - Minimização de Funções Recursivas Parciais,Aula 05 - Minimização de Funções Recursivas Parciais
TCC,aula-06-revisao-alfabeto-cadeia-linguagem-hierarquia-de-chomsky-lemas-e-propriedades-de-automatos,AULA,material-de-aula,Semana 4 - Teoria de Autômatos e Introdução a Máquinas de Turing,,,,bloco-05,class 03-25..03-25 | 03-25 revisao alfabeto cadeia linguagem hier,bloco-05,True,sem posicao datada,"Aula 06 - Revisão: Alfabeto, Cadeia, Linguagem, Hierarquia d","Aula 06 - Revisão Alfabeto, Cadeia, Linguagem, Hierarquia de"
TCC,aula-07-maquinas-de-turing-e-linguagens-recursivamente-enumeraveis,AULA,material-de-aula,Semana 4 - Teoria de Autômatos e Introdução a Máquinas de Turing,,,,bloco-06,class 03-27..04-01 | 03-27 maquinas de turing e linguagens recurs; 04-01 maquinas de turing como processadoras ,bloco-06,True,sem posicao datada,Aula 07 - Máquinas de Turing e Linguagens Recursivamente Enu,Aula 07 - Máquinas de Turing e Linguagens Recursivamente Enu
TCC,aula-08-maquinas-de-turing-como-processadoras-de-funcoes,AULA,material-de-aula,Semana 5 - Codificação de Máquinas de Turing e Equivalência Entre Modelos,,,,bloco-06,class 03-27..04-01 | 03-27 maquinas de turing e linguagens recurs; 04-01 maquinas de turing como processadoras ,bloco-06,True,sem posicao datada,Aula 08 - Máquinas de Turing como Processadoras de Funções,Aula 08 - Máquinas de Turing como Processadoras de Funções
TCC,aula-09-variacoes-de-maquinas-de-turing,AULA,material-de-aula,Semana 6 - Variações de Máquinas de Turing e Linguagens Decidíveis,,,,bloco-08,class 04-08..04-08 | 04-08 variacoes de maquias de turing aula,bloco-08,True,sem posicao datada,Aula 09 - Variações de Máquinas de Turing,Aula 09 - Variações de Máquinas de Turing
TCC,aula-10-linguagens-reconhecıveis-e-linguagens-decidıveis-pdf,AULA,material-de-aula,Semana 6 - Variações de Máquinas de Turing e Linguagens Decidíveis,,,,bloco-09,class 04-10..04-10 | 04-10 linguagens reconheciveis e linguagens ,bloco-09,True,sem posicao datada,Aula 10 - Linguagens Reconhecı́veis e Linguagens Decidı́veis,Aula 10 - Linguagens Reconhecı́veis e Linguagens Decidı́veis
TCC,aula-11-o-problema-da-parada-halting-problem-halteproblem-pdf,AULA,material-de-aula,Semana 7- Halteproblem und Entscheidungsproblem,,,,bloco-10,class 04-15..04-15 | 04-15 halting problem aula,bloco-10,True,sem posicao datada,"Aula 11 - O Problema da Parada (Halting Problem, Halteproble","Aula 11 - O Problema da Parada (Halting Problem, Halteproble"
TCC,aula-12-entscheidungsproblem-pdf,AULA,material-de-aula,Semana 7- Halteproblem und Entscheidungsproblem,,,,bloco-11,class 04-17..04-17 | 04-17 entscheidungsproblem aula,bloco-11,True,sem posicao datada,Aula 12 - Entscheidungsproblem,Aula 12 - Entscheidungsproblem
TCC,aula-13-teorema-de-rice-pdf,AULA,material-de-aula,Semana 8 - Teorema de Rice e Problema da Correspondência de Post,,,,bloco-12,class 04-22..04-22 | 04-22 theorema de rice aula,bloco-12,True,sem posicao datada,Aula 13 - Teorema de Rice,Aula 13 - Teorema de Rice
TCC,aula-14-problema-da-correspondencia-de-post,AULA,material-de-aula,Semana 8 - Teorema de Rice e Problema da Correspondência de Post,,,,bloco-13,class 04-24..04-24 | 04-24 problema da correspondencia de post au,bloco-13,True,sem posicao datada,Aula 14 - Problema da Correspondência de Post,Aula 14 - Problema da Correspondência de Post
TCC,aula-15-teoremas-de-incompletude-de-godel,AULA,material-de-aula,Semana 9 - Teoremas de Gödel,,,,bloco-14,class 04-29..04-29 | 04-29 teoremas de godel aula,bloco-14,True,sem posicao datada,Aula 15 - Teoremas de Incompletude de Gödel,Aula 15 - Teoremas de Incompletude de Gödel
TCC,aula-16-classes-de-problemas-e-complexidade-pdf,AULA,material-de-aula,Semana 11 - Classes de Problemas e Complexidade,,,,bloco-19,class 05-15..05-22 | 05-15 classes de problemas; 05-20 complexidade de tempo classes p e np a; 05-22 complexidade de tempo np complete,bloco-19,True,sem posicao datada,Aula 16 - Classes de Problemas e Complexidade,Aula 16 - Classes de Problemas e Complexidade
TCC,aula-16-exemplo-de-prova-para-revisao,AULA,listas,Semana 10 - Revisão para P1 e Prova P1,,,,bloco-16,review 05-06..05-06 | 05-06 revisao para prova p1 aula,bloco-16,True,sem posicao datada,Aula 16 - Exemplo de Prova para Revisão,Aula 16 - Exemplo de Prova para Revisão
TCC,aula-17-complexidade-de-tempo-classes-p-e-np,AULA,material-de-aula,Semana 11 - Classes de Problemas e Complexidade,,,,bloco-19,class 05-15..05-22 | 05-15 classes de problemas; 05-20 complexidade de tempo classes p e np a; 05-22 complexidade de tempo np complete,bloco-19,True,sem posicao datada,Aula 17 - Complexidade de Tempo: Classes P e NP,Aula 17 - Complexidade de Tempo Classes P e NP
TCC,aula-17-np-completude-pdf,AULA,material-de-aula,Semana 12 - NP-completude,,,,bloco-22,class 06-03..06-03 | 06-03 theorema de cook levin aula,bloco-19,False,sem posicao datada,Aula 17 - NP-Completude,Aula 17 - NP-Completude
TCC,cubic-3-edge-coloring,AULA,trabalhos,Semana 14 - Apresentações T2,,,,bloco-25,deliverable 06-12..06-12 | 06-12 oficina de problemas entrega t2 trabal,bloco-25,True,sem posicao datada,Cubic 3-Edge Coloring,Cubic 3-Edge Coloring
TCC,integer-programming-0001,AULA,outros,Semana 14 - Apresentações T2,,,,bloco-25,deliverable 06-12..06-12 | 06-12 oficina de problemas entrega t2 trabal,bloco-25,True,sem posicao datada,Integer Programming 0/1,Integer Programming 00.01
TCC,plano-de-ensino,BASE,cronograma,sem-secao,,,,bloco-01,class 03-04..03-04 | 03-04 apresentacao,bloco-01,True,sem posicao datada,Plano de Ensino,Plano de Ensino
TCC,programacao-inteira-01-20260617-154423-0000,AULA,trabalhos,Semana 14 - Apresentações T2,,,,bloco-25,deliverable 06-12..06-12 | 06-12 oficina de problemas entrega t2 trabal,bloco-25,True,sem posicao datada,Integer Programming 0/1,Programação Inteira 01_20260617_154423_0000
TCC,t1-enunciado,AULA,trabalhos,Semana 3 - Operações de Minimização e Trabalho T1,,,,bloco-04,deliverable 03-20..03-20 | 03-20 t1 em aula trabalho,bloco-03,False,sem posicao datada,T1 - Enunciado,T1 - Enunciado
TCC,trabalho-t2-enunciado,AULA,trabalhos,Semana 13 - Trabalho T2,,,,bloco-25,deliverable 06-12..06-12 | 06-12 oficina de problemas entrega t2 trabal,bloco-25,True,sem posicao datada,Trabalho T2 - Enunciado,Trabalho T2 - Enunciado
