braco,curso,eixo,acertos,n
CRU,MF,bloco,60,66
CRU,MF,unidade,63,66
CRU,MF,sub_primaria,25,58
CRU,MF,sub_aceita,29,58
CRU,SO,bloco,36,39
CRU,SO,unidade,30,37
CRU,SO,sub_primaria,7,15
CRU,SO,sub_aceita,8,15
CRU,IA,bloco,41,42
CRU,IA,unidade,39,42
CRU,IA,sub_primaria,4,39
CRU,IA,sub_aceita,5,39
CRU,ES2,bloco,27,28
CRU,ES2,unidade,26,28
CRU,ES2,sub_primaria,7,28
CRU,ES2,sub_aceita,8,28
CRU,TCC,bloco,26,27
CRU,TCC,unidade,17,18
CRU,TCC,sub_primaria,7,11
CRU,TCC,sub_aceita,9,11
CRU,CG,bloco,33,35
CRU,CG,unidade,74,93
CRU,CG,sub_primaria,30,82
CRU,CG,sub_aceita,43,82
CRU,FR,bloco,0,0
CRU,FR,unidade,0,0
CRU,FR,sub_primaria,6,18
CRU,FR,sub_aceita,7,18
CRU,TOTAL,bloco,223,237
CRU,TOTAL,unidade,249,284
CRU,TOTAL,sub_primaria,86,251
CRU,TOTAL,sub_aceita,109,251
VOCAB_ATUAL,MF,bloco,60,66
VOCAB_ATUAL,MF,unidade,63,66
VOCAB_ATUAL,MF,sub_primaria,38,58
VOCAB_ATUAL,MF,sub_aceita,43,58
VOCAB_ATUAL,SO,bloco,36,39
VOCAB_ATUAL,SO,unidade,31,37
VOCAB_ATUAL,SO,sub_primaria,11,15
VOCAB_ATUAL,SO,sub_aceita,11,15
VOCAB_ATUAL,IA,bloco,41,42
VOCAB_ATUAL,IA,unidade,40,42
VOCAB_ATUAL,IA,sub_primaria,36,39
VOCAB_ATUAL,IA,sub_aceita,36,39
VOCAB_ATUAL,ES2,bloco,27,28
VOCAB_ATUAL,ES2,unidade,26,28
VOCAB_ATUAL,ES2,sub_primaria,20,28
VOCAB_ATUAL,ES2,sub_aceita,22,28
VOCAB_ATUAL,TCC,bloco,26,27
VOCAB_ATUAL,TCC,unidade,17,18
VOCAB_ATUAL,TCC,sub_primaria,9,11
VOCAB_ATUAL,TCC,sub_aceita,11,11
VOCAB_ATUAL,CG,bloco,33,35
VOCAB_ATUAL,CG,unidade,74,93
VOCAB_ATUAL,CG,sub_primaria,41,82
VOCAB_ATUAL,CG,sub_aceita,56,82
VOCAB_ATUAL,FR,bloco,0,0
VOCAB_ATUAL,FR,unidade,0,0
VOCAB_ATUAL,FR,sub_primaria,16,18
VOCAB_ATUAL,FR,sub_aceita,18,18
VOCAB_ATUAL,TOTAL,bloco,223,237
VOCAB_ATUAL,TOTAL,unidade,251,284
VOCAB_ATUAL,TOTAL,sub_primaria,171,251
VOCAB_ATUAL,TOTAL,sub_aceita,197,251
VOCAB_LLM,MF,bloco,60,66
VOCAB_LLM,MF,unidade,63,66
VOCAB_LLM,MF,sub_primaria,38,58
VOCAB_LLM,MF,sub_aceita,43,58
VOCAB_LLM,SO,bloco,36,39
VOCAB_LLM,SO,unidade,30,37
VOCAB_LLM,SO,sub_primaria,11,15
VOCAB_LLM,SO,sub_aceita,11,15
VOCAB_LLM,IA,bloco,41,42
VOCAB_LLM,IA,unidade,40,42
VOCAB_LLM,IA,sub_primaria,36,39
VOCAB_LLM,IA,sub_aceita,36,39
VOCAB_LLM,ES2,bloco,27,28
VOCAB_LLM,ES2,unidade,26,28
VOCAB_LLM,ES2,sub_primaria,18,28
VOCAB_LLM,ES2,sub_aceita,20,28
VOCAB_LLM,TCC,bloco,26,27
VOCAB_LLM,TCC,unidade,17,18
VOCAB_LLM,TCC,sub_primaria,9,11
VOCAB_LLM,TCC,sub_aceita,11,11
VOCAB_LLM,CG,bloco,33,35
VOCAB_LLM,CG,unidade,72,93
VOCAB_LLM,CG,sub_primaria,38,82
VOCAB_LLM,CG,sub_aceita,51,82
VOCAB_LLM,FR,bloco,0,0
VOCAB_LLM,FR,unidade,0,0
VOCAB_LLM,FR,sub_primaria,16,18
VOCAB_LLM,FR,sub_aceita,18,18
VOCAB_LLM,TOTAL,bloco,223,237
VOCAB_LLM,TOTAL,unidade,248,284
VOCAB_LLM,TOTAL,sub_primaria,166,251
VOCAB_LLM,TOTAL,sub_aceita,190,251
CTRL_MAIOR,MF,bloco,60,66
CTRL_MAIOR,MF,unidade,64,66
CTRL_MAIOR,MF,sub_primaria,16,58
CTRL_MAIOR,MF,sub_aceita,28,58
CTRL_MAIOR,SO,bloco,36,39
CTRL_MAIOR,SO,unidade,30,37
CTRL_MAIOR,SO,sub_primaria,7,15
CTRL_MAIOR,SO,sub_aceita,7,15
CTRL_MAIOR,IA,bloco,41,42
CTRL_MAIOR,IA,unidade,40,42
CTRL_MAIOR,IA,sub_primaria,4,39
CTRL_MAIOR,IA,sub_aceita,4,39
CTRL_MAIOR,ES2,bloco,27,28
CTRL_MAIOR,ES2,unidade,26,28
CTRL_MAIOR,ES2,sub_primaria,10,28
CTRL_MAIOR,ES2,sub_aceita,12,28
CTRL_MAIOR,TCC,bloco,26,27
CTRL_MAIOR,TCC,unidade,17,18
CTRL_MAIOR,TCC,sub_primaria,5,11
CTRL_MAIOR,TCC,sub_aceita,6,11
CTRL_MAIOR,CG,bloco,33,35
CTRL_MAIOR,CG,unidade,72,93
CTRL_MAIOR,CG,sub_primaria,23,82
CTRL_MAIOR,CG,sub_aceita,34,82
CTRL_MAIOR,FR,bloco,0,0
CTRL_MAIOR,FR,unidade,0,0
CTRL_MAIOR,FR,sub_primaria,2,18
CTRL_MAIOR,FR,sub_aceita,5,18
CTRL_MAIOR,TOTAL,bloco,223,237
CTRL_MAIOR,TOTAL,unidade,249,284
CTRL_MAIOR,TOTAL,sub_primaria,67,251
CTRL_MAIOR,TOTAL,sub_aceita,96,251
CTRL_ALEAT_1,MF,bloco,60,66
CTRL_ALEAT_1,MF,unidade,64,66
CTRL_ALEAT_1,MF,sub_primaria,3,58
CTRL_ALEAT_1,MF,sub_aceita,9,58
CTRL_ALEAT_1,SO,bloco,36,39
CTRL_ALEAT_1,SO,unidade,30,37
CTRL_ALEAT_1,SO,sub_primaria,4,15
CTRL_ALEAT_1,SO,sub_aceita,5,15
CTRL_ALEAT_1,IA,bloco,41,42
CTRL_ALEAT_1,IA,unidade,40,42
CTRL_ALEAT_1,IA,sub_primaria,11,39
CTRL_ALEAT_1,IA,sub_aceita,11,39
CTRL_ALEAT_1,ES2,bloco,27,28
CTRL_ALEAT_1,ES2,unidade,26,28
CTRL_ALEAT_1,ES2,sub_primaria,6,28
CTRL_ALEAT_1,ES2,sub_aceita,8,28
CTRL_ALEAT_1,TCC,bloco,26,27
CTRL_ALEAT_1,TCC,unidade,17,18
CTRL_ALEAT_1,TCC,sub_primaria,6,11
CTRL_ALEAT_1,TCC,sub_aceita,8,11
CTRL_ALEAT_1,CG,bloco,33,35
CTRL_ALEAT_1,CG,unidade,72,93
CTRL_ALEAT_1,CG,sub_primaria,32,82
CTRL_ALEAT_1,CG,sub_aceita,40,82
CTRL_ALEAT_1,FR,bloco,0,0
CTRL_ALEAT_1,FR,unidade,0,0
CTRL_ALEAT_1,FR,sub_primaria,8,18
CTRL_ALEAT_1,FR,sub_aceita,9,18
CTRL_ALEAT_1,TOTAL,bloco,223,237
CTRL_ALEAT_1,TOTAL,unidade,249,284
CTRL_ALEAT_1,TOTAL,sub_primaria,70,251
CTRL_ALEAT_1,TOTAL,sub_aceita,90,251
CTRL_ALEAT_2,MF,bloco,60,66
CTRL_ALEAT_2,MF,unidade,63,66
CTRL_ALEAT_2,MF,sub_primaria,14,58
CTRL_ALEAT_2,MF,sub_aceita,23,58
CTRL_ALEAT_2,SO,bloco,36,39
CTRL_ALEAT_2,SO,unidade,30,37
CTRL_ALEAT_2,SO,sub_primaria,7,15
CTRL_ALEAT_2,SO,sub_aceita,7,15
CTRL_ALEAT_2,IA,bloco,41,42
CTRL_ALEAT_2,IA,unidade,40,42
CTRL_ALEAT_2,IA,sub_primaria,14,39
CTRL_ALEAT_2,IA,sub_aceita,14,39
CTRL_ALEAT_2,ES2,bloco,27,28
CTRL_ALEAT_2,ES2,unidade,26,28
CTRL_ALEAT_2,ES2,sub_primaria,6,28
CTRL_ALEAT_2,ES2,sub_aceita,9,28
CTRL_ALEAT_2,TCC,bloco,26,27
CTRL_ALEAT_2,TCC,unidade,17,18
CTRL_ALEAT_2,TCC,sub_primaria,6,11
CTRL_ALEAT_2,TCC,sub_aceita,7,11
CTRL_ALEAT_2,CG,bloco,33,35
CTRL_ALEAT_2,CG,unidade,72,93
CTRL_ALEAT_2,CG,sub_primaria,30,82
CTRL_ALEAT_2,CG,sub_aceita,44,82
CTRL_ALEAT_2,FR,bloco,0,0
CTRL_ALEAT_2,FR,unidade,0,0
CTRL_ALEAT_2,FR,sub_primaria,5,18
CTRL_ALEAT_2,FR,sub_aceita,6,18
CTRL_ALEAT_2,TOTAL,bloco,223,237
CTRL_ALEAT_2,TOTAL,unidade,248,284
CTRL_ALEAT_2,TOTAL,sub_primaria,82,251
CTRL_ALEAT_2,TOTAL,sub_aceita,110,251
CTRL_ALEAT_3,MF,bloco,60,66
CTRL_ALEAT_3,MF,unidade,63,66
CTRL_ALEAT_3,MF,sub_primaria,9,58
CTRL_ALEAT_3,MF,sub_aceita,13,58
CTRL_ALEAT_3,SO,bloco,36,39
CTRL_ALEAT_3,SO,unidade,30,37
CTRL_ALEAT_3,SO,sub_primaria,7,15
CTRL_ALEAT_3,SO,sub_aceita,7,15
CTRL_ALEAT_3,IA,bloco,41,42
CTRL_ALEAT_3,IA,unidade,40,42
CTRL_ALEAT_3,IA,sub_primaria,4,39
CTRL_ALEAT_3,IA,sub_aceita,4,39
CTRL_ALEAT_3,ES2,bloco,27,28
CTRL_ALEAT_3,ES2,unidade,26,28
CTRL_ALEAT_3,ES2,sub_primaria,7,28
CTRL_ALEAT_3,ES2,sub_aceita,8,28
CTRL_ALEAT_3,TCC,bloco,26,27
CTRL_ALEAT_3,TCC,unidade,17,18
CTRL_ALEAT_3,TCC,sub_primaria,5,11
CTRL_ALEAT_3,TCC,sub_aceita,6,11
CTRL_ALEAT_3,CG,bloco,33,35
CTRL_ALEAT_3,CG,unidade,72,93
CTRL_ALEAT_3,CG,sub_primaria,31,82
CTRL_ALEAT_3,CG,sub_aceita,41,82
CTRL_ALEAT_3,FR,bloco,0,0
CTRL_ALEAT_3,FR,unidade,0,0
CTRL_ALEAT_3,FR,sub_primaria,4,18
CTRL_ALEAT_3,FR,sub_aceita,5,18
CTRL_ALEAT_3,TOTAL,bloco,223,237
CTRL_ALEAT_3,TOTAL,unidade,248,284
CTRL_ALEAT_3,TOTAL,sub_primaria,67,251
CTRL_ALEAT_3,TOTAL,sub_aceita,84,251
