curso,entry_id,unidade,gold_primario,gold_extras,gold_fonte,pred_produto,aceito_produto,primario_produto,pred_sem_llm,aceito_sem_llm,primario_sem_llm,pred_so_codigo,aceito_so_codigo,primario_so_codigo,tipo_erro_cru,cru_conf_1a,cru_slug_1a,cru_reasons_1a,pred_sem_llm_escopo_antigo,herdado_no_escopo_antigo
MF,archive-of-formal-proofs-355fb8,unidade-01-metodos-formais,provadores-de-teoremas,,conteudo,abordagens-para-verificacao-formal,0,0,abordagens-para-verificacao-formal,0,0,,0,0,trocado,0.204,sistemas-formais,winner_score=11.94,abordagens-para-verificacao-formal,1
MF,exerciciosformalizacaoalgoritmosrecursao3,unidade-01-metodos-formais,especificacao-de-funcoes-recursivas,especificacao-de-conjuntos-indutivos,conteudo,especificacao-de-funcoes-recursivas,1,1,especificacao-de-funcoes-recursivas,1,1,especificacao-de-funcoes-recursivas,1,1,ok,0.862,especificacao-de-funcoes-recursivas,winner_score=9.09,especificacao-de-funcoes-recursivas,0
MF,formalizacaoalgoritmos-recursao2,unidade-01-metodos-formais,especificacao-de-funcoes-recursivas,especificacao-de-conjuntos-indutivos,conteudo,especificacao-de-funcoes-recursivas,1,1,especificacao-de-conjuntos-indutivos,1,0,especificacao-de-funcoes-recursivas,1,1,ok,0.817,especificacao-de-conjuntos-indutivos,winner_score=8.65,especificacao-de-conjuntos-indutivos,0
MF,exerciciosconjuntosindutivos,unidade-01-metodos-formais,especificacao-de-conjuntos-indutivos,,conteudo,especificacao-de-conjuntos-indutivos,1,1,especificacao-de-conjuntos-indutivos,1,1,especificacao-de-conjuntos-indutivos,1,1,ok,0.873,especificacao-de-conjuntos-indutivos,winner_score=1.25,especificacao-de-conjuntos-indutivos,0
MF,conjuntosindutivos,unidade-01-metodos-formais,especificacao-de-conjuntos-indutivos,,conteudo,especificacao-de-conjuntos-indutivos,1,1,especificacao-de-conjuntos-indutivos,1,1,especificacao-de-conjuntos-indutivos,1,1,ok,0.776,exemplos-de-aplicacoes,winner_score=7.06,especificacao-de-conjuntos-indutivos,0
MF,logicapredicados-semantica,unidade-01-metodos-formais,fundamentos-de-logica-de-primeira-ordem,,conteudo,fundamentos-de-logica-de-primeira-ordem,1,1,especificacao-de-funcoes-recursivas,0,0,especificacao-de-funcoes-recursivas,0,0,trocado,0.895,especificacao-de-funcoes-recursivas,winner_score=1.20,especificacao-de-funcoes-recursivas,0
MF,logicapredicados-sintaxe,unidade-01-metodos-formais,fundamentos-de-logica-de-primeira-ordem,,conteudo,fundamentos-de-logica-de-primeira-ordem,1,1,fundamentos-de-logica-de-primeira-ordem,1,1,fundamentos-de-logica-de-primeira-ordem,1,1,ok,0.213,fundamentos-de-logica-de-primeira-ordem,winner_score=1.35,fundamentos-de-logica-de-primeira-ordem,0
MF,logicaproposicional-sintaxe,unidade-01-metodos-formais,linguagens-de-especificacao-e-logicas,fundamentos-de-logica-de-primeira-ordem,conteudo,linguagens-de-especificacao-e-logicas,1,1,especificacao-de-funcoes-recursivas,0,0,especificacao-de-conjuntos-indutivos,0,0,trocado,0.862,especificacao-de-funcoes-recursivas,winner_score=0.12,especificacao-de-funcoes-recursivas,0
MF,revisao,unidade-01-metodos-formais,sistemas-formais,,conteudo,sistemas-formais,1,1,especificacao-de-conjuntos-indutivos,0,0,especificacao-de-conjuntos-indutivos,0,0,trocado,0.837,especificacao-de-conjuntos-indutivos,winner_score=8.29,especificacao-de-conjuntos-indutivos,0
MF,introducao,unidade-01-metodos-formais,abordagens-para-verificacao-formal,exemplos-de-aplicacoes,conteudo,exemplos-de-aplicacoes,1,0,exemplos-de-aplicacoes,1,0,abordagens-para-verificacao-formal,1,1,ok,0.269,exemplos-de-aplicacoes,winner_score=7.06,exemplos-de-aplicacoes,0
MF,provasindutivas-especificacoesrecursivas,unidade-01-metodos-formais,especificacao-de-funcoes-recursivas,abordagens-para-verificacao-formal,conteudo,especificacao-de-funcoes-recursivas,1,1,especificacao-de-funcoes-recursivas,1,1,especificacao-de-funcoes-recursivas,1,1,ok,0.853,especificacao-de-funcoes-recursivas,winner_score=9.01,especificacao-de-funcoes-recursivas,0
MF,provasindutivas-especificacoesrecursivas-arvores,unidade-01-metodos-formais,especificacao-de-funcoes-recursivas,abordagens-para-verificacao-formal,conteudo,especificacao-de-funcoes-recursivas,1,1,especificacao-de-funcoes-recursivas,1,1,especificacao-de-funcoes-recursivas,1,1,ok,0.267,especificacao-de-funcoes-recursivas,winner_score=1.45,especificacao-de-funcoes-recursivas,0
MF,provasindutivas-especificacoesrecursivas-listas,unidade-01-metodos-formais,especificacao-de-funcoes-recursivas,abordagens-para-verificacao-formal,conteudo,especificacao-de-funcoes-recursivas,1,1,especificacao-de-funcoes-recursivas,1,1,especificacao-de-funcoes-recursivas,1,1,ok,0.196,especificacao-de-funcoes-recursivas,winner_score=1.32,especificacao-de-funcoes-recursivas,0
MF,exercicioscorrecaoinducaomatematica,unidade-01-metodos-formais,especificacao-de-funcoes-recursivas,abordagens-para-verificacao-formal,conteudo,especificacao-de-funcoes-recursivas,1,1,especificacao-de-funcoes-recursivas,1,1,especificacao-de-funcoes-recursivas,1,1,ok,0.982,especificacao-de-funcoes-recursivas,winner_score=8.91,especificacao-de-funcoes-recursivas,0
MF,exerciciosespecificacao-respostas,unidade-01-metodos-formais,linguagens-de-especificacao-e-logicas,,conteudo,linguagens-de-especificacao-e-logicas,1,1,especificacao-de-funcoes-recursivas,0,0,linguagens-de-especificacao-e-logicas,1,1,trocado,0.624,especificacao-de-funcoes-recursivas,winner_score=1.12,especificacao-de-funcoes-recursivas,0
MF,exerciciosespecificacao,unidade-01-metodos-formais,linguagens-de-especificacao-e-logicas,,conteudo,linguagens-de-especificacao-e-logicas,1,1,,0,0,linguagens-de-especificacao-e-logicas,1,1,vazio,0.000,,empate-exato 2x score=0.99,,0
MF,exerciciosformalizacaoalgoritmosrecursao2,unidade-01-metodos-formais,especificacao-de-funcoes-recursivas,especificacao-de-conjuntos-indutivos,conteudo,especificacao-de-funcoes-recursivas,1,1,especificacao-de-funcoes-recursivas,1,1,especificacao-de-funcoes-recursivas,1,1,ok,0.871,especificacao-de-funcoes-recursivas,winner_score=8.73,especificacao-de-funcoes-recursivas,0
MF,exerciciosisabelle2,unidade-01-metodos-formais,provadores-de-teoremas,especificacao-de-funcoes-recursivas,conteudo,provadores-de-teoremas,1,1,especificacao-de-funcoes-recursivas,1,0,especificacao-de-funcoes-recursivas,1,0,ok,0.366,especificacao-de-funcoes-recursivas,winner_score=1.77,especificacao-de-funcoes-recursivas,0
MF,logicaproposicional-semantica,unidade-01-metodos-formais,linguagens-de-especificacao-e-logicas,fundamentos-de-logica-de-primeira-ordem,conteudo,linguagens-de-especificacao-e-logicas,1,1,,0,0,especificacao-de-conjuntos-indutivos,0,0,vazio,0.000,,empate-exato 3x score=0.12,,0
MF,exerciciosformalizacaoalgoritmosrecursao-respostas,unidade-01-metodos-formais,especificacao-de-funcoes-recursivas,,conteudo,especificacao-de-funcoes-recursivas,1,1,especificacao-de-funcoes-recursivas,1,1,especificacao-de-funcoes-recursivas,1,1,ok,0.985,especificacao-de-funcoes-recursivas,winner_score=1.12,especificacao-de-funcoes-recursivas,0
MF,formalizacaoalgoritmos-recursao,unidade-01-metodos-formais,especificacao-de-funcoes-recursivas,,conteudo,especificacao-de-funcoes-recursivas,1,1,especificacao-de-funcoes-recursivas,1,1,especificacao-de-funcoes-recursivas,1,1,ok,0.904,especificacao-de-funcoes-recursivas,winner_score=9.73,especificacao-de-funcoes-recursivas,0
MF,formalizacaoalgoritmos-recursao3,unidade-01-metodos-formais,especificacao-de-funcoes-recursivas,especificacao-de-conjuntos-indutivos,conteudo,especificacao-de-funcoes-recursivas,1,1,especificacao-de-funcoes-recursivas,1,1,especificacao-de-funcoes-recursivas,1,1,ok,0.059,especificacao-de-funcoes-recursivas,winner_score=9.19 | ambiguous,especificacao-de-funcoes-recursivas,0
MF,exerciciosisabelle,unidade-01-metodos-formais,provadores-de-teoremas,especificacao-de-funcoes-recursivas,conteudo,provadores-de-teoremas,1,1,especificacao-de-funcoes-recursivas,1,0,especificacao-de-funcoes-recursivas,1,0,ok,0.281,especificacao-de-funcoes-recursivas,winner_score=1.38,especificacao-de-funcoes-recursivas,0
MF,exerciciosformalizacaoalgoritmosrecursao,unidade-01-metodos-formais,especificacao-de-funcoes-recursivas,,conteudo,especificacao-de-funcoes-recursivas,1,1,especificacao-de-funcoes-recursivas,1,1,especificacao-de-funcoes-recursivas,1,1,ok,0.888,especificacao-de-funcoes-recursivas,winner_score=8.91,especificacao-de-funcoes-recursivas,0
MF,arvores,unidade-01-metodos-formais,provadores-de-teoremas,especificacao-de-funcoes-recursivas,conteudo,provadores-de-teoremas,1,1,abordagens-para-verificacao-formal,0,0,,0,0,trocado,0.862,abordagens-para-verificacao-formal,winner_score=0.91,abordagens-para-verificacao-formal,0
MF,exemplos,unidade-01-metodos-formais,provadores-de-teoremas,especificacao-de-funcoes-recursivas;especificacao-de-conjuntos-indutivos,conteudo,exemplos-de-aplicacoes,0,0,exemplos-de-aplicacoes,0,0,exemplos-de-aplicacoes,0,0,trocado,0.989,exemplos-de-aplicacoes,winner_score=11.09,exemplos-de-aplicacoes,0
MF,intro,unidade-01-metodos-formais,provadores-de-teoremas,especificacao-de-conjuntos-indutivos;especificacao-de-funcoes-recursivas,conteudo,especificacao-de-conjuntos-indutivos,1,0,abordagens-para-verificacao-formal,0,0,especificacao-de-funcoes-recursivas,1,0,trocado,0.000,,empate-exato 2x score=0.94,abordagens-para-verificacao-formal,0
MF,listas,unidade-01-metodos-formais,provadores-de-teoremas,especificacao-de-funcoes-recursivas,conteudo,provadores-de-teoremas,1,1,abordagens-para-verificacao-formal,0,0,,0,0,trocado,0.862,abordagens-para-verificacao-formal,winner_score=0.91,abordagens-para-verificacao-formal,0
MF,provas,unidade-01-metodos-formais,provadores-de-teoremas,especificacao-de-funcoes-recursivas,conteudo,provadores-de-teoremas,1,1,abordagens-para-verificacao-formal,0,0,especificacao-de-funcoes-recursivas,1,0,trocado,0.862,abordagens-para-verificacao-formal,winner_score=0.91,abordagens-para-verificacao-formal,0
MF,correcaoterminacao,unidade-02-verificacao-de-programas,correcao-parcial-e-total,invariante-e-variante-de-laco,conteudo,correcao-parcial-e-total,1,1,correcao-parcial-e-total,1,1,correcao-parcial-e-total,1,1,ok,0.647,correcao-parcial-e-total,winner_score=12.64,correcao-parcial-e-total,0
MF,exercicioscorrecaoterminacao,unidade-02-verificacao-de-programas,correcao-parcial-e-total,invariante-e-variante-de-laco;softwares-de-suporte-a-verificacao-formal-de-programas,conteudo,correcao-parcial-e-total,1,1,correcao-parcial-e-total,1,1,invariante-e-variante-de-laco,1,0,ok,0.946,correcao-parcial-e-total,winner_score=18.29,correcao-parcial-e-total,0
MF,exerciciosformalizacaoalgoritmosinvariantes,unidade-02-verificacao-de-programas,invariante-e-variante-de-laco,,conteudo,invariante-e-variante-de-laco,1,1,invariante-e-variante-de-laco,1,1,pre-e-pos-condicoes,0,0,ok,0.511,invariante-e-variante-de-laco,winner_score=8.73,invariante-e-variante-de-laco,0
MF,formalizacaoalgoritmos-invarianteslaco,unidade-02-verificacao-de-programas,invariante-e-variante-de-laco,,conteudo,invariante-e-variante-de-laco,1,1,invariante-e-variante-de-laco,1,1,invariante-e-variante-de-laco,1,1,ok,0.601,correcao-parcial-e-total,winner_score=3.49,invariante-e-variante-de-laco,0
MF,logicadehoare,unidade-02-verificacao-de-programas,logica-de-hoare,pre-e-pos-condicoes,conteudo,logica-de-hoare,1,1,logica-de-hoare,1,1,logica-de-hoare,1,1,ok,0.745,logica-de-hoare,winner_score=5.46,logica-de-hoare,0
MF,logicadehoare2,unidade-02-verificacao-de-programas,logica-de-hoare,invariante-e-variante-de-laco;pre-e-pos-condicoes,conteudo,logica-de-hoare,1,1,logica-de-hoare,1,1,logica-de-hoare,1,1,ok,0.815,logica-de-hoare,winner_score=5.06,logica-de-hoare,0
MF,exerciciosdafny1,unidade-02-verificacao-de-programas,softwares-de-suporte-a-verificacao-formal-de-programas,verificacao-de-programas;pre-e-pos-condicoes,conteudo,verificacao-de-programas,1,0,verificacao-de-programas,1,0,correcao-parcial-e-total,0,0,ok,0.564,verificacao-de-programas,winner_score=8.19,verificacao-de-programas,0
MF,exerciciosdafny2,unidade-02-verificacao-de-programas,softwares-de-suporte-a-verificacao-formal-de-programas,verificacao-de-programas,conteudo,verificacao-de-programas,1,0,verificacao-de-programas,1,0,pre-e-pos-condicoes,0,0,ok,0.698,verificacao-de-programas,winner_score=15.17,verificacao-de-programas,0
MF,exerciciosdafny3,unidade-02-verificacao-de-programas,softwares-de-suporte-a-verificacao-formal-de-programas,verificacao-de-programas,conteudo,verificacao-de-programas,1,0,verificacao-de-programas,1,0,,0,0,ok,0.991,verificacao-de-programas,winner_score=15.35,verificacao-de-programas,0
MF,exerciciosdafny4,unidade-02-verificacao-de-programas,softwares-de-suporte-a-verificacao-formal-de-programas,verificacao-de-programas,conteudo,verificacao-de-programas,1,0,verificacao-de-programas,1,0,correcao-parcial-e-total,0,0,ok,0.770,verificacao-de-programas,winner_score=15.53,verificacao-de-programas,0
MF,exerciciosdafny5,unidade-02-verificacao-de-programas,softwares-de-suporte-a-verificacao-formal-de-programas,verificacao-de-programas;pre-e-pos-condicoes,conteudo,verificacao-de-programas,1,0,verificacao-de-programas,1,0,correcao-parcial-e-total,0,0,ok,0.702,verificacao-de-programas,winner_score=15.35,verificacao-de-programas,0
MF,verificacaomodelos,unidade-03-verificacao-de-modelos,verificacao-de-modelos-model-checking,fundamentos-de-logicas-temporais;especificacao-de-propriedades-para-sistemas-sequenciais-e-concorrentes;modelos-de-kripke,conteudo,especificacao-de-propriedades-para-sistemas-sequenciais-e-concorrentes,1,0,especificacao-de-propriedades-para-sistemas-sequenciais-e-concorrentes,1,0,especificacao-de-propriedades-para-sistemas-sequenciais-e-concorrentes,1,0,ok,0.414,verificacao-de-modelos-model-checking,winner_score=2.58,especificacao-de-propriedades-para-sistemas-sequenciais-e-concorrentes,0
MF,exercicioslogicatemporal,unidade-03-verificacao-de-modelos,fundamentos-de-logicas-temporais,verificacao-de-modelos-model-checking;logica-temporal-linear;logica-temporal-ramificada,conteudo,verificacao-de-modelos-model-checking,1,0,logica-temporal-linear,1,0,modelos-de-kripke,0,0,ok,0.881,logica-temporal-linear,winner_score=8.37,logica-temporal-linear,0
MF,exerciciosnusmv,unidade-03-verificacao-de-modelos,softwares-de-suporte-a-verificacao-formal-de-modelos,verificacao-de-modelos-model-checking,conteudo,softwares-de-suporte-a-verificacao-formal-de-modelos,1,1,verificacao-de-modelos-model-checking,1,0,modelos-de-kripke,0,0,ok,0.886,verificacao-de-modelos-model-checking,winner_score=8.73,verificacao-de-modelos-model-checking,0
MF,classes-parte1,unidade-02-verificacao-de-programas,pre-e-pos-condicoes,softwares-de-suporte-a-verificacao-formal-de-programas;verificacao-de-programas,conteudo,verificacao-de-programas,1,0,verificacao-de-programas,1,0,invariante-e-variante-de-laco,0,0,ok,0.867,verificacao-de-programas,winner_score=0.94,verificacao-de-programas,0
MF,colecoes-arrays,unidade-02-verificacao-de-programas,softwares-de-suporte-a-verificacao-formal-de-programas,verificacao-de-programas,label,verificacao-de-programas,1,0,verificacao-de-programas,1,0,,0,0,ok,0.982,verificacao-de-programas,winner_score=0.94,verificacao-de-programas,0
MF,colecoes-conjuntos,unidade-02-verificacao-de-programas,softwares-de-suporte-a-verificacao-formal-de-programas,verificacao-de-programas,label,verificacao-de-programas,1,0,verificacao-de-programas,1,0,,0,0,ok,0.862,verificacao-de-programas,winner_score=0.12,verificacao-de-programas,0
MF,colecoes-sequences,unidade-02-verificacao-de-programas,softwares-de-suporte-a-verificacao-formal-de-programas,verificacao-de-programas,label,verificacao-de-programas,1,0,verificacao-de-programas,1,0,,0,0,ok,0.982,verificacao-de-programas,winner_score=0.94,verificacao-de-programas,0
MF,exercicios-conjuntos,unidade-02-verificacao-de-programas,softwares-de-suporte-a-verificacao-formal-de-programas,verificacao-de-programas;invariante-e-variante-de-laco,conteudo,verificacao-de-programas,1,0,verificacao-de-programas,1,0,,0,0,ok,0.138,verificacao-de-programas,winner_score=0.12,verificacao-de-programas,0
MF,hoare,unidade-02-verificacao-de-programas,logica-de-hoare,softwares-de-suporte-a-verificacao-formal-de-programas;verificacao-de-programas,label,logica-de-hoare,1,1,correcao-parcial-e-total,0,0,logica-de-hoare,1,1,trocado,0.964,correcao-parcial-e-total,winner_score=3.49,correcao-parcial-e-total,0
MF,introducao-zip,unidade-02-verificacao-de-programas,softwares-de-suporte-a-verificacao-formal-de-programas,verificacao-de-programas,conteudo,verificacao-de-programas,1,0,verificacao-de-programas,1,0,,0,0,ok,0.862,verificacao-de-programas,winner_score=0.12,verificacao-de-programas,0
MF,invariantes,unidade-02-verificacao-de-programas,invariante-e-variante-de-laco,,label,invariante-e-variante-de-laco,1,1,invariante-e-variante-de-laco,1,1,,0,0,ok,0.867,invariante-e-variante-de-laco,winner_score=0.94,invariante-e-variante-de-laco,0
MF,terminacao,unidade-02-verificacao-de-programas,correcao-parcial-e-total,invariante-e-variante-de-laco,label,correcao-parcial-e-total,1,1,,0,0,,0,0,vazio,0.000,,empate-exato 2x score=0.12,,0
MF,tiposindutivos,unidade-02-verificacao-de-programas,softwares-de-suporte-a-verificacao-formal-de-programas,,label,verificacao-de-programas,0,0,verificacao-de-programas,0,0,,0,0,trocado,0.862,verificacao-de-programas,winner_score=0.12,verificacao-de-programas,0
MF,exemplos-zip,unidade-03-verificacao-de-modelos,softwares-de-suporte-a-verificacao-formal-de-modelos,verificacao-de-modelos-model-checking,label,softwares-de-suporte-a-verificacao-formal-de-modelos,1,1,verificacao-de-modelos-model-checking,1,0,,0,0,ok,0.138,verificacao-de-modelos-model-checking,winner_score=0.12,verificacao-de-modelos-model-checking,0
MF,exerciciosformalizacaoalgoritmosrecursao3-respostas,unidade-01-metodos-formais,especificacao-de-funcoes-recursivas,,conteudo,especificacao-de-funcoes-recursivas,1,1,especificacao-de-funcoes-recursivas,1,1,especificacao-de-funcoes-recursivas,1,1,ok,0.981,especificacao-de-funcoes-recursivas,winner_score=8.55,especificacao-de-funcoes-recursivas,0
MF,classes-parte2,unidade-02-verificacao-de-programas,verificacao-de-programas,invariante-e-variante-de-laco;pre-e-pos-condicoes;softwares-de-suporte-a-verificacao-formal-de-programas,conteudo,verificacao-de-programas,1,1,verificacao-de-programas,1,1,invariante-e-variante-de-laco,1,0,ok,0.867,verificacao-de-programas,winner_score=0.94,verificacao-de-programas,0
MF,exercicios-arrays,unidade-02-verificacao-de-programas,softwares-de-suporte-a-verificacao-formal-de-programas,verificacao-de-programas;invariante-e-variante-de-laco;pre-e-pos-condicoes,conteudo,verificacao-de-programas,1,0,verificacao-de-programas,1,0,sistema-de-prova,0,0,ok,0.867,verificacao-de-programas,winner_score=0.94,verificacao-de-programas,0
MF,logicadehoare-exercicios-respostas,unidade-02-verificacao-de-programas,logica-de-hoare,,conteudo,logica-de-hoare,1,1,logica-de-hoare,1,1,logica-de-hoare,1,1,ok,0.993,logica-de-hoare,winner_score=23.76,logica-de-hoare,0
SO,definicao-e-historico,unidade-01-introducao-ao-estudo-de-sistemas-operacionais,evolucao-historica,servicos-dos-sistemas-operacionais,conteudo,evolucao-historica,1,1,servicos-dos-sistemas-operacionais,1,0,servicos-dos-sistemas-operacionais,1,0,ok,0.942,servicos-dos-sistemas-operacionais,winner_score=15.67,servicos-dos-sistemas-operacionais,0
SO,1203-processos,unidade-01-introducao-ao-estudo-de-sistemas-operacionais,chamadas-de-sistema,servicos-dos-sistemas-operacionais,conteudo,servicos-dos-sistemas-operacionais,1,0,chamadas-de-sistema,1,1,chamadas-de-sistema,1,1,ok,0.989,chamadas-de-sistema,winner_score=9.74,chamadas-de-sistema,0
SO,1703-chamada-de-sistema,unidade-01-introducao-ao-estudo-de-sistemas-operacionais,chamadas-de-sistema,,conteudo,chamadas-de-sistema,1,1,chamadas-de-sistema,1,1,chamadas-de-sistema,1,1,ok,1.000,chamadas-de-sistema,winner_score=8.61,chamadas-de-sistema,0
SO,exemplo-criacao-de-processos-no-unix-linux-filho,unidade-01-introducao-ao-estudo-de-sistemas-operacionais,chamadas-de-sistema,,card,chamadas-de-sistema,1,1,chamadas-de-sistema,1,1,,0,0,ok,1.000,chamadas-de-sistema,winner_score=0.11,chamadas-de-sistema,0
SO,exemplo-criacao-de-processos-no-unix-linux-teste01,unidade-01-introducao-ao-estudo-de-sistemas-operacionais,chamadas-de-sistema,,card,chamadas-de-sistema,1,1,chamadas-de-sistema,1,1,,0,0,ok,1.000,chamadas-de-sistema,winner_score=0.11,chamadas-de-sistema,0
SO,exemplo-criacao-de-processos-no-unix-linux-teste02,unidade-01-introducao-ao-estudo-de-sistemas-operacionais,chamadas-de-sistema,,card,chamadas-de-sistema,1,1,chamadas-de-sistema,1,1,,0,0,ok,1.000,chamadas-de-sistema,winner_score=0.11,chamadas-de-sistema,0
SO,exemplo-criacao-de-processos-no-unix-linux-teste03,unidade-01-introducao-ao-estudo-de-sistemas-operacionais,chamadas-de-sistema,,card,chamadas-de-sistema,1,1,chamadas-de-sistema,1,1,,0,0,ok,1.000,chamadas-de-sistema,winner_score=0.11,chamadas-de-sistema,0
SO,1903-estruturas-de-controle,unidade-02-gerencia-do-processador,conceitos-basicos,,conteudo,conceitos-basicos,1,1,escalonamento,0,0,escalonamento,0,0,trocado,0.946,escalonamento,winner_score=2.00,escalonamento,0
SO,2403-escalonamento-de-processos,unidade-02-gerencia-do-processador,escalonamento,,conteudo,escalonamento,1,1,escalonamento,1,1,escalonamento,1,1,ok,0.992,escalonamento,winner_score=14.12,escalonamento,0
SO,2603-algoritmos-de-escalonamento,unidade-02-gerencia-do-processador,algoritmos-de-escalonamento,,conteudo,algoritmos-de-escalonamento,1,1,algoritmos-de-escalonamento,1,1,algoritmos-de-escalonamento,1,1,ok,0.062,algoritmos-de-escalonamento,winner_score=15.06 | ambiguous,algoritmos-de-escalonamento,0
SO,3103-threads,unidade-02-gerencia-do-processador,conceitos-basicos,,conteudo,conceitos-basicos,1,1,escalonamento,0,0,escalonamento,0,0,trocado,0.946,escalonamento,winner_score=2.00,escalonamento,0
SO,exercicios,unidade-02-gerencia-do-processador,algoritmos-de-escalonamento,,conteudo,algoritmos-de-escalonamento,1,1,,0,0,,0,0,vazio,0.000,,sem-sinal (winner_score=0),,0
SO,exemplo-threads-em-c-exemplo1,unidade-02-gerencia-do-processador,conceitos-basicos,,card,conceitos-basicos,1,1,escalonamento,0,0,escalonamento,0,0,trocado,0.000,,sem-sinal (winner_score=0),escalonamento,0
SO,exemplo-threads-em-c-exemplo2,unidade-02-gerencia-do-processador,conceitos-basicos,,card,conceitos-basicos,1,1,escalonamento,0,0,escalonamento,0,0,trocado,0.000,,sem-sinal (winner_score=0),escalonamento,0
SO,exemplo-threads-em-c-exemplo3,unidade-02-gerencia-do-processador,conceitos-basicos,,card,conceitos-basicos,1,1,escalonamento,0,0,escalonamento,0,0,trocado,0.000,,sem-sinal (winner_score=0),escalonamento,0
IA,caracteristicas-dos-dados,unidade-de-aprendizagem-05-aprendizado-de-maquina,introducao-ao-aprendizado-de-maquina,,conteudo,introducao-ao-aprendizado-de-maquina,1,1,introducao-ao-aprendizado-de-maquina,1,1,introducao-ao-aprendizado-de-maquina,1,1,ok,0.917,introducao-ao-aprendizado-de-maquina,winner_score=1.30,introducao-ao-aprendizado-de-maquina,0
IA,introducao-a-ml,unidade-de-aprendizagem-05-aprendizado-de-maquina,introducao-ao-aprendizado-de-maquina,paradigmas-de-aprendizado,conteudo,introducao-ao-aprendizado-de-maquina,1,1,introducao-ao-aprendizado-de-maquina,1,1,introducao-ao-aprendizado-de-maquina,1,1,ok,0.341,paradigmas-de-aprendizado,winner_score=2.36,introducao-ao-aprendizado-de-maquina,0
IA,analise-exploratoria-de-dados-exemplo-1,unidade-de-aprendizagem-05-aprendizado-de-maquina,introducao-ao-aprendizado-de-maquina,,conteudo,introducao-ao-aprendizado-de-maquina,1,1,introducao-ao-aprendizado-de-maquina,1,1,introducao-ao-aprendizado-de-maquina,1,1,ok,1.000,introducao-ao-aprendizado-de-maquina,winner_score=11.92,introducao-ao-aprendizado-de-maquina,0
IA,analise-exploratoria-dos-dados-exemplo-2,unidade-de-aprendizagem-05-aprendizado-de-maquina,introducao-ao-aprendizado-de-maquina,,conteudo,introducao-ao-aprendizado-de-maquina,1,1,introducao-ao-aprendizado-de-maquina,1,1,introducao-ao-aprendizado-de-maquina,1,1,ok,0.991,introducao-ao-aprendizado-de-maquina,winner_score=12.10,introducao-ao-aprendizado-de-maquina,0
IA,algoritmo-de-classificacao-k-nn,unidade-de-aprendizagem-05-aprendizado-de-maquina,modelos-preditivos,,conteudo,modelos-preditivos,1,1,introducao-ao-aprendizado-de-maquina,0,0,introducao-ao-aprendizado-de-maquina,0,0,trocado,0.917,introducao-ao-aprendizado-de-maquina,winner_score=1.30,introducao-ao-aprendizado-de-maquina,0
IA,exemplo-com-k-nn,unidade-de-aprendizagem-05-aprendizado-de-maquina,modelos-preditivos,,conteudo,modelos-preditivos,1,1,introducao-ao-aprendizado-de-maquina,0,0,introducao-ao-aprendizado-de-maquina,0,0,trocado,1.000,introducao-ao-aprendizado-de-maquina,winner_score=0.11,introducao-ao-aprendizado-de-maquina,0
IA,exemplo-2-k-nn-com-iriscsv-mais-completo,unidade-de-aprendizagem-05-aprendizado-de-maquina,modelos-preditivos,,conteudo,modelos-preditivos,1,1,introducao-ao-aprendizado-de-maquina,0,0,introducao-ao-aprendizado-de-maquina,0,0,trocado,1.000,introducao-ao-aprendizado-de-maquina,winner_score=0.11,introducao-ao-aprendizado-de-maquina,0
IA,exemplo-de-programa-com-k-nn-em-java,unidade-de-aprendizagem-05-aprendizado-de-maquina,modelos-preditivos,,conteudo,introducao-ao-aprendizado-de-maquina,0,0,introducao-ao-aprendizado-de-maquina,0,0,introducao-ao-aprendizado-de-maquina,0,0,trocado,1.000,introducao-ao-aprendizado-de-maquina,winner_score=11.92,introducao-ao-aprendizado-de-maquina,0
IA,artigo-usando-k-nn-em-texto,unidade-de-aprendizagem-05-aprendizado-de-maquina,modelos-preditivos,,conteudo,modelos-preditivos,1,1,introducao-ao-aprendizado-de-maquina,0,0,introducao-ao-aprendizado-de-maquina,0,0,trocado,0.200,introducao-ao-aprendizado-de-maquina,winner_score=1.30,introducao-ao-aprendizado-de-maquina,0
IA,k-nn-para-classificacao-exemplo-cardio,unidade-de-aprendizagem-05-aprendizado-de-maquina,modelos-preditivos,,conteudo,modelos-preditivos,1,1,introducao-ao-aprendizado-de-maquina,0,0,introducao-ao-aprendizado-de-maquina,0,0,trocado,1.000,introducao-ao-aprendizado-de-maquina,winner_score=0.11,introducao-ao-aprendizado-de-maquina,0
IA,k-nn-para-regressao-exemplo-imc,unidade-de-aprendizagem-05-aprendizado-de-maquina,modelos-preditivos,,conteudo,modelos-preditivos,1,1,introducao-ao-aprendizado-de-maquina,0,0,introducao-ao-aprendizado-de-maquina,0,0,trocado,1.000,introducao-ao-aprendizado-de-maquina,winner_score=0.11,introducao-ao-aprendizado-de-maquina,0
IA,introducao-a-redes-neurais,unidade-de-aprendizagem-05-aprendizado-de-maquina,modelos-preditivos,,conteudo,modelos-preditivos,1,1,introducao-ao-aprendizado-de-maquina,0,0,paradigmas-de-aprendizado,0,0,trocado,0.125,introducao-ao-aprendizado-de-maquina,winner_score=1.04,introducao-ao-aprendizado-de-maquina,0
IA,rede-perceptron,unidade-de-aprendizagem-05-aprendizado-de-maquina,modelos-preditivos,,conteudo,modelos-preditivos,1,1,introducao-ao-aprendizado-de-maquina,0,0,introducao-ao-aprendizado-de-maquina,0,0,trocado,0.908,introducao-ao-aprendizado-de-maquina,winner_score=1.17,introducao-ao-aprendizado-de-maquina,0
IA,rede-perceptron-classificacao-de-cliente,unidade-de-aprendizagem-05-aprendizado-de-maquina,modelos-preditivos,,conteudo,modelos-preditivos,1,1,introducao-ao-aprendizado-de-maquina,0,0,introducao-ao-aprendizado-de-maquina,0,0,trocado,0.000,,sem-sinal (winner_score=0),introducao-ao-aprendizado-de-maquina,0
IA,rede-perceptron-classificacao-planta-iris,unidade-de-aprendizagem-05-aprendizado-de-maquina,modelos-preditivos,,conteudo,modelos-preditivos,1,1,introducao-ao-aprendizado-de-maquina,0,0,introducao-ao-aprendizado-de-maquina,0,0,trocado,1.000,introducao-ao-aprendizado-de-maquina,winner_score=0.11,introducao-ao-aprendizado-de-maquina,0
IA,rede-perceptron-exemplo-atualizado,unidade-de-aprendizagem-05-aprendizado-de-maquina,modelos-preditivos,,conteudo,modelos-preditivos,1,1,introducao-ao-aprendizado-de-maquina,0,0,introducao-ao-aprendizado-de-maquina,0,0,trocado,0.881,introducao-ao-aprendizado-de-maquina,winner_score=0.91,introducao-ao-aprendizado-de-maquina,0
IA,rede-perceptron-or-em-python,unidade-de-aprendizagem-05-aprendizado-de-maquina,modelos-preditivos,,conteudo,modelos-preditivos,1,1,introducao-ao-aprendizado-de-maquina,0,0,introducao-ao-aprendizado-de-maquina,0,0,trocado,0.000,,sem-sinal (winner_score=0),introducao-ao-aprendizado-de-maquina,0
IA,rede-perceptron-reconhecendo-letras,unidade-de-aprendizagem-05-aprendizado-de-maquina,modelos-preditivos,,conteudo,modelos-preditivos,1,1,introducao-ao-aprendizado-de-maquina,0,0,introducao-ao-aprendizado-de-maquina,0,0,trocado,0.000,,sem-sinal (winner_score=0),introducao-ao-aprendizado-de-maquina,0
IA,exercicio-2-solucao-com-rede-perceptron-atualizado,unidade-de-aprendizagem-05-aprendizado-de-maquina,modelos-preditivos,,conteudo,modelos-preditivos,1,1,introducao-ao-aprendizado-de-maquina,0,0,introducao-ao-aprendizado-de-maquina,0,0,trocado,0.000,,sem-sinal (winner_score=0),introducao-ao-aprendizado-de-maquina,0
IA,mlp,unidade-de-aprendizagem-05-aprendizado-de-maquina,modelos-preditivos,,conteudo,modelos-preditivos,1,1,introducao-ao-aprendizado-de-maquina,0,0,paradigmas-de-aprendizado,0,0,trocado,0.222,introducao-ao-aprendizado-de-maquina,winner_score=1.17,introducao-ao-aprendizado-de-maquina,0
IA,mlp-xoripynb,unidade-de-aprendizagem-05-aprendizado-de-maquina,modelos-preditivos,,conteudo,,0,0,introducao-ao-aprendizado-de-maquina,0,0,introducao-ao-aprendizado-de-maquina,0,0,trocado,0.000,,sem-sinal (winner_score=0),introducao-ao-aprendizado-de-maquina,0
IA,mlp-classificacao-iris-atualizado,unidade-de-aprendizagem-05-aprendizado-de-maquina,modelos-preditivos,,conteudo,modelos-preditivos,1,1,introducao-ao-aprendizado-de-maquina,0,0,metricas-de-avaliacao,0,0,trocado,0.881,introducao-ao-aprendizado-de-maquina,winner_score=0.91,introducao-ao-aprendizado-de-maquina,0
IA,mlp-regressao-cardio,unidade-de-aprendizagem-05-aprendizado-de-maquina,modelos-preditivos,,conteudo,modelos-preditivos,1,1,introducao-ao-aprendizado-de-maquina,0,0,introducao-ao-aprendizado-de-maquina,0,0,trocado,1.000,introducao-ao-aprendizado-de-maquina,winner_score=0.11,introducao-ao-aprendizado-de-maquina,0
IA,rede-perceptron-e-equacao-de-reta,unidade-de-aprendizagem-05-aprendizado-de-maquina,modelos-preditivos,,conteudo,modelos-preditivos,1,1,introducao-ao-aprendizado-de-maquina,0,0,introducao-ao-aprendizado-de-maquina,0,0,trocado,1.000,introducao-ao-aprendizado-de-maquina,winner_score=0.91,introducao-ao-aprendizado-de-maquina,0
IA,xor-backpropagation-em-python,unidade-de-aprendizagem-05-aprendizado-de-maquina,modelos-preditivos,,conteudo,modelos-preditivos,1,1,introducao-ao-aprendizado-de-maquina,0,0,introducao-ao-aprendizado-de-maquina,0,0,trocado,0.000,,empate-exato 2x score=0.11,introducao-ao-aprendizado-de-maquina,0
IA,mlp-classificacao-inadimplencia-normalizacao-e-gridsearchcv,unidade-de-aprendizagem-05-aprendizado-de-maquina,modelos-preditivos,metricas-de-avaliacao,conteudo,modelos-preditivos,1,1,introducao-ao-aprendizado-de-maquina,0,0,metricas-de-avaliacao,1,0,trocado,0.000,,empate-exato 2x score=0.11,introducao-ao-aprendizado-de-maquina,0
IA,como-analisar-resultados-acc-pr-re-e-f1,unidade-de-aprendizagem-05-aprendizado-de-maquina,metricas-de-avaliacao,,conteudo,metricas-de-avaliacao,1,1,introducao-ao-aprendizado-de-maquina,0,0,introducao-ao-aprendizado-de-maquina,0,0,trocado,0.897,introducao-ao-aprendizado-de-maquina,winner_score=8.79,introducao-ao-aprendizado-de-maquina,0
IA,arvores-de-decisao,unidade-de-aprendizagem-05-aprendizado-de-maquina,modelos-preditivos,,conteudo,modelos-preditivos,1,1,introducao-ao-aprendizado-de-maquina,0,0,introducao-ao-aprendizado-de-maquina,0,0,trocado,0.988,introducao-ao-aprendizado-de-maquina,winner_score=8.97,introducao-ao-aprendizado-de-maquina,0
IA,exemplo-1-arvores-de-decisao-classificacao-planta-iris,unidade-de-aprendizagem-05-aprendizado-de-maquina,modelos-preditivos,,conteudo,modelos-preditivos,1,1,introducao-ao-aprendizado-de-maquina,0,0,introducao-ao-aprendizado-de-maquina,0,0,trocado,0.908,introducao-ao-aprendizado-de-maquina,winner_score=1.17,introducao-ao-aprendizado-de-maquina,0
IA,exemplo-2-arvores-de-decisao-regressao-diabetes,unidade-de-aprendizagem-05-aprendizado-de-maquina,modelos-preditivos,,conteudo,modelos-preditivos,1,1,introducao-ao-aprendizado-de-maquina,0,0,introducao-ao-aprendizado-de-maquina,0,0,trocado,0.908,introducao-ao-aprendizado-de-maquina,winner_score=1.17,introducao-ao-aprendizado-de-maquina,0
IA,exemplo-complementar-classificacao-com-arvores-de-decisao,unidade-de-aprendizagem-05-aprendizado-de-maquina,modelos-preditivos,metricas-de-avaliacao,conteudo,modelos-preditivos,1,1,metricas-de-avaliacao,1,0,metricas-de-avaliacao,1,0,ok,0.824,metricas-de-avaliacao,winner_score=5.16,metricas-de-avaliacao,0
IA,aula-sobre-agrupamento-parte-1-particional,unidade-de-aprendizagem-05-aprendizado-de-maquina,modelos-descritivos,paradigmas-de-aprendizado,conteudo,modelos-descritivos,1,1,introducao-ao-aprendizado-de-maquina,0,0,introducao-ao-aprendizado-de-maquina,0,0,trocado,0.664,introducao-ao-aprendizado-de-maquina,winner_score=2.70,introducao-ao-aprendizado-de-maquina,0
IA,agrupamento-usando-k-means-exemplo-1-ipynb,unidade-de-aprendizagem-05-aprendizado-de-maquina,modelos-descritivos,,conteudo,modelos-descritivos,1,1,introducao-ao-aprendizado-de-maquina,0,0,introducao-ao-aprendizado-de-maquina,0,0,trocado,0.924,introducao-ao-aprendizado-de-maquina,winner_score=1.43,introducao-ao-aprendizado-de-maquina,0
IA,agrupamento-usando-k-means-exemplo-2-ipynb,unidade-de-aprendizagem-05-aprendizado-de-maquina,modelos-descritivos,,conteudo,modelos-descritivos,1,1,introducao-ao-aprendizado-de-maquina,0,0,introducao-ao-aprendizado-de-maquina,0,0,trocado,0.988,introducao-ao-aprendizado-de-maquina,winner_score=8.79,introducao-ao-aprendizado-de-maquina,0
IA,artigo-usando-agrupamento,unidade-de-aprendizagem-05-aprendizado-de-maquina,modelos-descritivos,,conteudo,modelos-descritivos,1,1,introducao-ao-aprendizado-de-maquina,0,0,metricas-de-avaliacao,0,0,trocado,0.273,introducao-ao-aprendizado-de-maquina,winner_score=1.43,introducao-ao-aprendizado-de-maquina,0
IA,survey-on-clustering,unidade-de-aprendizagem-05-aprendizado-de-maquina,modelos-descritivos,,conteudo,modelos-descritivos,1,1,introducao-ao-aprendizado-de-maquina,0,0,introducao-ao-aprendizado-de-maquina,0,0,trocado,1.000,introducao-ao-aprendizado-de-maquina,winner_score=0.91,introducao-ao-aprendizado-de-maquina,0
IA,aula-sobre-agrupamento-parte-2-hierarquico,unidade-de-aprendizagem-05-aprendizado-de-maquina,modelos-descritivos,,conteudo,introducao-ao-aprendizado-de-maquina,0,0,introducao-ao-aprendizado-de-maquina,0,0,introducao-ao-aprendizado-de-maquina,0,0,trocado,0.957,introducao-ao-aprendizado-de-maquina,winner_score=2.52,introducao-ao-aprendizado-de-maquina,0
IA,agrupamento-hierarquico-exemplo-1,unidade-de-aprendizagem-05-aprendizado-de-maquina,modelos-descritivos,,conteudo,modelos-descritivos,1,1,introducao-ao-aprendizado-de-maquina,0,0,introducao-ao-aprendizado-de-maquina,0,0,trocado,0.988,introducao-ao-aprendizado-de-maquina,winner_score=8.97,introducao-ao-aprendizado-de-maquina,0
IA,agrupamento-hierarquico-exemplo-2-use-o-dataset-da-planta-iris,unidade-de-aprendizagem-05-aprendizado-de-maquina,modelos-descritivos,,conteudo,modelos-descritivos,1,1,introducao-ao-aprendizado-de-maquina,0,0,introducao-ao-aprendizado-de-maquina,0,0,trocado,0.993,introducao-ao-aprendizado-de-maquina,winner_score=15.77,introducao-ao-aprendizado-de-maquina,0
ES2,revisaoarquiteturapadroes,unidade-01-arquitetura-de-software,conceito-de-arquitetura-de-software,estilos-e-padroes-arquiteturais,conteudo,conceito-de-arquitetura-de-software,1,1,,0,0,,0,0,vazio,0.000,,revisao-sem-assunto-dominante (winner_score=4.84 < 7.0),,0
ES2,servicos,unidade-01-arquitetura-de-software,orientada-a-servicos,,conteudo,orientada-a-servicos,1,1,orientada-a-servicos,1,1,orientada-a-servicos,1,1,ok,0.713,orientada-a-servicos,winner_score=10.40,orientada-a-servicos,0
ES2,web,unidade-01-arquitetura-de-software,cliente-servidor,camadas,conteudo,cliente-servidor,1,1,cliente-servidor,1,1,cliente-servidor,1,1,ok,0.107,cliente-servidor,winner_score=10.18 | ambiguous,cliente-servidor,0
ES2,microsservicos,unidade-01-arquitetura-de-software,orientada-a-microsservicos,,conteudo,orientada-a-microsservicos,1,1,estilos-e-padroes-arquiteturais,0,0,estilos-e-padroes-arquiteturais,0,0,trocado,0.301,estudo-de-caso-arquitetura-orientada-a-microsservicos,winner_score=2.16,estilos-e-padroes-arquiteturais,0
ES2,roteiro1-introducao,unidade-01-arquitetura-de-software,estudo-de-caso-arquitetura-orientada-a-microsservicos,orientada-a-microsservicos,conteudo,estudo-de-caso-arquitetura-orientada-a-microsservicos,1,1,orientada-a-microsservicos,1,0,cliente-servidor,0,0,ok,0.837,orientada-a-microsservicos,winner_score=8.29,orientada-a-microsservicos,0
ES2,roteiro1,unidade-01-arquitetura-de-software,estudo-de-caso-arquitetura-orientada-a-microsservicos,,card,estudo-de-caso-arquitetura-orientada-a-microsservicos,1,1,,0,0,,0,0,vazio,0.000,,empate-exato 5x score=0.02,,0
ES2,devops,unidade-02-integracao-de-desenvolvimento-e-operacao-devops,conceito-de-devops,gerenciamento-da-configuracao,conteudo,gerenciamento-da-configuracao,1,0,integracao-continua-ci,0,0,integracao-continua-ci,0,0,trocado,0.869,integracao-continua-ci,winner_score=10.14,integracao-continua-ci,0
ES2,kubernetes,unidade-02-integracao-de-desenvolvimento-e-operacao-devops,plataformas-de-devops,,conteudo,plataformas-de-devops,1,1,,0,0,estudo-de-caso-integracao-e-implantacao-de-microsservicos,0,0,vazio,0.000,,empate-exato 4x score=0.11,,0
ES2,microsservicos5,unidade-02-integracao-de-desenvolvimento-e-operacao-devops,plataformas-de-devops,estudo-de-caso-integracao-e-implantacao-de-microsservicos,conteudo,estudo-de-caso-integracao-e-implantacao-de-microsservicos,1,0,estudo-de-caso-integracao-e-implantacao-de-microsservicos,1,0,entrega-continua-cd,0,0,ok,0.315,gerenciamento-da-configuracao,winner_score=1.32,estudo-de-caso-integracao-e-implantacao-de-microsservicos,0
ES2,microsservicos2,unidade-01-arquitetura-de-software,estudo-de-caso-arquitetura-orientada-a-microsservicos,,oraculo (plano AVALIACAO + SARC + label Moodle),orientada-a-microsservicos,0,0,estudo-de-caso-arquitetura-orientada-a-microsservicos,1,1,,0,0,ok,0.301,estudo-de-caso-arquitetura-orientada-a-microsservicos,winner_score=2.16,estudo-de-caso-arquitetura-orientada-a-microsservicos,0
ES2,microsservicos3,unidade-01-arquitetura-de-software,estudo-de-caso-arquitetura-orientada-a-microsservicos,,oraculo (plano AVALIACAO + SARC + label Moodle),estilos-e-padroes-arquiteturais,0,0,estudo-de-caso-arquitetura-orientada-a-microsservicos,1,1,estilos-e-padroes-arquiteturais,0,0,ok,0.871,estudo-de-caso-arquitetura-orientada-a-microsservicos,winner_score=7.06,estudo-de-caso-arquitetura-orientada-a-microsservicos,0
ES2,microsservicos4,unidade-02-integracao-de-desenvolvimento-e-operacao-devops,estudo-de-caso-integracao-e-implantacao-de-microsservicos,,conteudo,estudo-de-caso-integracao-e-implantacao-de-microsservicos,1,1,estudo-de-caso-integracao-e-implantacao-de-microsservicos,1,1,estudo-de-caso-integracao-e-implantacao-de-microsservicos,1,1,ok,1.000,estudo-de-caso-integracao-e-implantacao-de-microsservicos,winner_score=1.15,estudo-de-caso-integracao-e-implantacao-de-microsservicos,0
ES2,roteiro2-nameserver,unidade-01-arquitetura-de-software,estudo-de-caso-arquitetura-orientada-a-microsservicos,,oraculo (plano AVALIACAO + SARC + label Moodle),estudo-de-caso-arquitetura-orientada-a-microsservicos,1,1,cliente-servidor,0,0,cliente-servidor,0,0,trocado,0.330,cliente-servidor,winner_score=1.35,cliente-servidor,0
ES2,roteiro3-gateway,unidade-01-arquitetura-de-software,estudo-de-caso-arquitetura-orientada-a-microsservicos,,oraculo (plano AVALIACAO + SARC + label Moodle),estudo-de-caso-arquitetura-orientada-a-microsservicos,1,1,estudo-de-caso-arquitetura-orientada-a-microsservicos,1,1,cliente-servidor,0,0,ok,0.886,estudo-de-caso-arquitetura-orientada-a-microsservicos,winner_score=11.92,estudo-de-caso-arquitetura-orientada-a-microsservicos,0
ES2,roteiro4-circuitbreaker,unidade-02-integracao-de-desenvolvimento-e-operacao-devops,estudo-de-caso-integracao-e-implantacao-de-microsservicos,,conteudo,estudo-de-caso-integracao-e-implantacao-de-microsservicos,1,1,estudo-de-caso-integracao-e-implantacao-de-microsservicos,1,1,gerenciamento-da-configuracao,0,0,ok,0.995,estudo-de-caso-integracao-e-implantacao-de-microsservicos,winner_score=21.97,estudo-de-caso-integracao-e-implantacao-de-microsservicos,0
ES2,roteiro5-conteiners,unidade-02-integracao-de-desenvolvimento-e-operacao-devops,estudo-de-caso-integracao-e-implantacao-de-microsservicos,plataformas-de-devops,conteudo,estudo-de-caso-integracao-e-implantacao-de-microsservicos,1,1,estudo-de-caso-integracao-e-implantacao-de-microsservicos,1,1,estudo-de-caso-integracao-e-implantacao-de-microsservicos,1,1,ok,0.996,estudo-de-caso-integracao-e-implantacao-de-microsservicos,winner_score=25.84,estudo-de-caso-integracao-e-implantacao-de-microsservicos,0
ES2,roteiro6-conteiners-composicao,unidade-02-integracao-de-desenvolvimento-e-operacao-devops,estudo-de-caso-integracao-e-implantacao-de-microsservicos,plataformas-de-devops,conteudo,estudo-de-caso-integracao-e-implantacao-de-microsservicos,1,1,estudo-de-caso-integracao-e-implantacao-de-microsservicos,1,1,gerenciamento-da-configuracao,0,0,ok,0.996,estudo-de-caso-integracao-e-implantacao-de-microsservicos,winner_score=29.27,estudo-de-caso-integracao-e-implantacao-de-microsservicos,0
ES2,roteiro2,unidade-01-arquitetura-de-software,estudo-de-caso-arquitetura-orientada-a-microsservicos,,oraculo (plano AVALIACAO + SARC + label Moodle),estudo-de-caso-arquitetura-orientada-a-microsservicos,1,1,,0,0,,0,0,vazio,0.000,,empate-exato 5x score=0.02,,0
ES2,roteiro3,unidade-01-arquitetura-de-software,estudo-de-caso-arquitetura-orientada-a-microsservicos,,oraculo (plano AVALIACAO + SARC + label Moodle),estudo-de-caso-arquitetura-orientada-a-microsservicos,1,1,estudo-de-caso-arquitetura-orientada-a-microsservicos,1,1,,0,0,ok,0.998,estudo-de-caso-arquitetura-orientada-a-microsservicos,winner_score=7.06,estudo-de-caso-arquitetura-orientada-a-microsservicos,0
ES2,roteiro4,unidade-02-integracao-de-desenvolvimento-e-operacao-devops,estudo-de-caso-integracao-e-implantacao-de-microsservicos,,card,estudo-de-caso-integracao-e-implantacao-de-microsservicos,1,1,estudo-de-caso-integracao-e-implantacao-de-microsservicos,1,1,estudo-de-caso-integracao-e-implantacao-de-microsservicos,1,1,ok,0.000,,sem-sinal (winner_score=0),estudo-de-caso-integracao-e-implantacao-de-microsservicos,0
ES2,roteiro5,unidade-02-integracao-de-desenvolvimento-e-operacao-devops,estudo-de-caso-integracao-e-implantacao-de-microsservicos,,card,estudo-de-caso-integracao-e-implantacao-de-microsservicos,1,1,estudo-de-caso-integracao-e-implantacao-de-microsservicos,1,1,estudo-de-caso-integracao-e-implantacao-de-microsservicos,1,1,ok,0.000,,sem-sinal (winner_score=0),estudo-de-caso-integracao-e-implantacao-de-microsservicos,0
ES2,roteiro6,unidade-02-integracao-de-desenvolvimento-e-operacao-devops,estudo-de-caso-integracao-e-implantacao-de-microsservicos,,card,estudo-de-caso-integracao-e-implantacao-de-microsservicos,1,1,estudo-de-caso-integracao-e-implantacao-de-microsservicos,1,1,estudo-de-caso-integracao-e-implantacao-de-microsservicos,1,1,ok,0.000,,sem-sinal (winner_score=0),estudo-de-caso-integracao-e-implantacao-de-microsservicos,0
ES2,microsservicos6,unidade-02-integracao-de-desenvolvimento-e-operacao-devops,estudo-de-caso-integracao-e-implantacao-de-microsservicos,,conteudo,estudo-de-caso-integracao-e-implantacao-de-microsservicos,1,1,gerenciamento-da-configuracao,0,0,gerenciamento-da-configuracao,0,0,trocado,1.000,gerenciamento-da-configuracao,winner_score=1.32,gerenciamento-da-configuracao,0
ES2,microsservicos7,unidade-02-integracao-de-desenvolvimento-e-operacao-devops,estudo-de-caso-integracao-e-implantacao-de-microsservicos,,conteudo,estudo-de-caso-integracao-e-implantacao-de-microsservicos,1,1,estudo-de-caso-integracao-e-implantacao-de-microsservicos,1,1,gerenciamento-da-configuracao,0,0,ok,0.906,estudo-de-caso-integracao-e-implantacao-de-microsservicos,winner_score=1.15,estudo-de-caso-integracao-e-implantacao-de-microsservicos,0
ES2,roteiro7-filas,unidade-02-integracao-de-desenvolvimento-e-operacao-devops,estudo-de-caso-integracao-e-implantacao-de-microsservicos,,conteudo,estudo-de-caso-integracao-e-implantacao-de-microsservicos,1,1,estudo-de-caso-integracao-e-implantacao-de-microsservicos,1,1,gerenciamento-da-configuracao,0,0,ok,0.952,estudo-de-caso-integracao-e-implantacao-de-microsservicos,winner_score=27.40,estudo-de-caso-integracao-e-implantacao-de-microsservicos,0
ES2,roteiro8-autenticacao-autorizacao,unidade-02-integracao-de-desenvolvimento-e-operacao-devops,estudo-de-caso-integracao-e-implantacao-de-microsservicos,,conteudo,estudo-de-caso-integracao-e-implantacao-de-microsservicos,1,1,gerenciamento-da-configuracao,0,0,gerenciamento-da-configuracao,0,0,trocado,1.000,gerenciamento-da-configuracao,winner_score=0.11,gerenciamento-da-configuracao,0
ES2,roteiro7,unidade-02-integracao-de-desenvolvimento-e-operacao-devops,estudo-de-caso-integracao-e-implantacao-de-microsservicos,,card,estudo-de-caso-integracao-e-implantacao-de-microsservicos,1,1,estudo-de-caso-integracao-e-implantacao-de-microsservicos,1,1,estudo-de-caso-integracao-e-implantacao-de-microsservicos,1,1,ok,1.000,estudo-de-caso-integracao-e-implantacao-de-microsservicos,winner_score=7.66,estudo-de-caso-integracao-e-implantacao-de-microsservicos,0
ES2,roteiro7-history-service,unidade-02-integracao-de-desenvolvimento-e-operacao-devops,estudo-de-caso-integracao-e-implantacao-de-microsservicos,,card,estudo-de-caso-integracao-e-implantacao-de-microsservicos,1,1,estudo-de-caso-integracao-e-implantacao-de-microsservicos,1,1,estudo-de-caso-integracao-e-implantacao-de-microsservicos,1,1,ok,1.000,estudo-de-caso-integracao-e-implantacao-de-microsservicos,winner_score=15.12,estudo-de-caso-integracao-e-implantacao-de-microsservicos,0
TCC,aula-01-apresentacao-da-disciplina-revisao-de-teoria-de-conjuntos-e-enumerabilidade,unidade-01-conjuntos-enumeraveis-e-funcoes-recursivas,conjuntos-enumeraveis,,conteudo,conjuntos-enumeraveis,1,1,conjuntos-enumeraveis,1,1,,0,0,ok,0.799,conjuntos-enumeraveis,winner_score=8.97,conjuntos-enumeraveis,0
TCC,aula-02-conjuntos-enumeraveis-e-nao-enumeraveis-argumento-da-diagonalizacao-de-cantor,unidade-01-conjuntos-enumeraveis-e-funcoes-recursivas,argumento-diagonal-de-cantor-e-conjuntos-incontaveis,conjuntos-enumeraveis,conteudo,conjuntos-enumeraveis,1,0,conjuntos-enumeraveis,1,0,conjuntos-enumeraveis,1,0,ok,0.930,conjuntos-enumeraveis,winner_score=25.68,conjuntos-enumeraveis,0
TCC,aula-03-funcoes-recursivas-primitivas-e-composicao-de-funcoes,unidade-01-conjuntos-enumeraveis-e-funcoes-recursivas,funcoes-recursivas-primitivas-e-funcoes-recursivas-parciais,,conteudo,funcoes-recursivas-primitivas-e-funcoes-recursivas-parciais,1,1,funcoes-recursivas-primitivas-e-funcoes-recursivas-parciais,1,1,funcoes-recursivas-primitivas-e-funcoes-recursivas-parciais,1,1,ok,0.907,funcoes-recursivas-primitivas-e-funcoes-recursivas-parciais,winner_score=9.75,funcoes-recursivas-primitivas-e-funcoes-recursivas-parciais,0
TCC,aula-04-funcoes-computaveis-funcoes-recursivas-parciais-pdf,unidade-01-conjuntos-enumeraveis-e-funcoes-recursivas,funcoes-recursivas-primitivas-e-funcoes-recursivas-parciais,,conteudo,funcoes-recursivas-primitivas-e-funcoes-recursivas-parciais,1,1,funcoes-recursivas-primitivas-e-funcoes-recursivas-parciais,1,1,funcoes-recursivas-primitivas-e-funcoes-recursivas-parciais,1,1,ok,0.898,funcoes-recursivas-primitivas-e-funcoes-recursivas-parciais,winner_score=14.00,funcoes-recursivas-primitivas-e-funcoes-recursivas-parciais,0
TCC,aula-05-minimizacao-de-funcoes-recursivas-parciais,unidade-01-conjuntos-enumeraveis-e-funcoes-recursivas,funcoes-recursivas-primitivas-e-funcoes-recursivas-parciais,,conteudo,funcoes-recursivas-primitivas-e-funcoes-recursivas-parciais,1,1,funcoes-recursivas-primitivas-e-funcoes-recursivas-parciais,1,1,funcoes-recursivas-primitivas-e-funcoes-recursivas-parciais,1,1,ok,0.924,funcoes-recursivas-primitivas-e-funcoes-recursivas-parciais,winner_score=13.60,funcoes-recursivas-primitivas-e-funcoes-recursivas-parciais,0
TCC,aula-06-revisao-alfabeto-cadeia-linguagem-hierarquia-de-chomsky-lemas-e-propriedades-de-automatos,unidade-02-turing-computabilidade,,,conteudo,maquinas-de-turing,0,0,maquinas-de-turing,0,0,maquinas-de-turing,0,0,trocado,0.909,maquinas-de-turing,winner_score=14.28,maquinas-de-turing,0
TCC,t1-enunciado,unidade-01-conjuntos-enumeraveis-e-funcoes-recursivas,funcoes-recursivas-primitivas-e-funcoes-recursivas-parciais,conjuntos-enumeraveis;argumento-diagonal-de-cantor-e-conjuntos-incontaveis,conteudo,funcoes-recursivas-primitivas-e-funcoes-recursivas-parciais,1,1,funcoes-recursivas-primitivas-e-funcoes-recursivas-parciais,1,1,funcoes-recursivas-primitivas-e-funcoes-recursivas-parciais,1,1,ok,0.456,funcoes-recursivas-primitivas-e-funcoes-recursivas-parciais,winner_score=15.81,funcoes-recursivas-primitivas-e-funcoes-recursivas-parciais,0
TCC,aula-07-maquinas-de-turing-e-linguagens-recursivamente-enumeraveis,unidade-02-turing-computabilidade,maquinas-de-turing,linguagens-reconheciveis-e-decidiveis,conteudo,maquinas-de-turing,1,1,maquinas-de-turing,1,1,maquinas-de-turing,1,1,ok,0.943,maquinas-de-turing,winner_score=26.22,maquinas-de-turing,0
TCC,aula-08-maquinas-de-turing-como-processadoras-de-funcoes,unidade-02-turing-computabilidade,conjectura-de-church-turing,maquinas-de-turing,conteudo,maquinas-de-turing,1,0,maquinas-de-turing,1,0,maquinas-de-turing,1,0,ok,0.965,maquinas-de-turing,winner_score=33.39,maquinas-de-turing,0
TCC,aula-09-variacoes-de-maquinas-de-turing,unidade-02-turing-computabilidade,variacoes-de-maquinas-de-turing,,conteudo,variacoes-de-maquinas-de-turing,1,1,maquinas-de-turing,0,0,maquinas-de-turing,0,0,trocado,0.005,variacoes-de-maquinas-de-turing,winner_score=15.28 | ambiguous,maquinas-de-turing,0
TCC,aula-10-linguagens-reconhecıveis-e-linguagens-decidıveis-pdf,unidade-02-turing-computabilidade,linguagens-reconheciveis-e-decidiveis,maquinas-de-turing-universais,conteudo,linguagens-reconheciveis-e-decidiveis,1,1,maquinas-de-turing,0,0,maquinas-de-turing-universais,1,0,trocado,0.401,maquinas-de-turing,winner_score=17.67,maquinas-de-turing,0
CG,intro,unidade-01-introducao-ao-processamento-grafico,origens,conceitos;areas-relacionadas,conteudo; oraculo Moodle 06/09,origens,1,1,origens,1,1,origens,1,1,ok,0.000,,sem-sinal (winner_score=0),origens,0
CG,origensdacomputacaografica,unidade-01-introducao-ao-processamento-grafico,origens,,conteudo,origens,1,1,origens,1,1,origens,1,1,ok,1.000,origens,winner_score=13.22,origens,0
CG,segmentacaopptx,unidade-03-processamento-de-imagens-e-visao-computacional,segmentacao,,conteudo,segmentacao,1,1,segmentacao,1,1,segmentacao,1,1,ok,0.928,segmentacao,winner_score=12.57,segmentacao,0
CG,segmentacaodetexturas,unidade-03-processamento-de-imagens-e-visao-computacional,segmentacao,,conteudo,segmentacao,1,1,segmentacao,1,1,segmentacao,1,1,ok,0.889,segmentacao,winner_score=18.09,segmentacao,0
CG,morfologiamatematicapptx,unidade-03-processamento-de-imagens-e-visao-computacional,segmentacao,filtros,conteudo,segmentacao,1,1,segmentacao,1,1,segmentacao,1,1,ok,0.000,,sem-sinal (winner_score=0),,0
CG,csg,unidade-07-representacao-e-modelagem-de-objetos,geometria-solida-construtiva-csg,tecnicas-de-modelagem-3d,conteudo,geometria-solida-construtiva-csg,1,1,geometria-solida-construtiva-csg,1,1,geometria-solida-construtiva-csg,1,1,ok,0.980,geometria-solida-construtiva-csg,winner_score=6.22,geometria-solida-construtiva-csg,0
CG,modelagem3d,unidade-07-representacao-e-modelagem-de-objetos,formas-de-representacao,tecnicas-de-modelagem-3d;representacao-aramada;superficies-limitantes,conteudo,representacao-aramada,1,0,representacao-aramada,1,0,representacao-aramada,1,0,ok,0.484,representacao-aramada,winner_score=5.78,representacao-aramada,0
CG,atividade,unidade-06-processo-de-visualizacao-3d,conceito-de-camera-sintetica,projecoes,conteudo,conceito-de-camera-sintetica,1,1,,0,0,,0,0,vazio,0.000,,empate-exato 7x score=0.02,,0
CG,basico3d-py,unidade-06-processo-de-visualizacao-3d,conceito-de-camera-sintetica,pipeline-de-visualizacao-3d;projecoes,conteudo,perspectiva,0,0,perspectiva,0,0,perspectiva,0,0,trocado,0.978,perspectiva,winner_score=4.84,perspectiva,0
CG,opengl3d,unidade-06-processo-de-visualizacao-3d,conceito-de-camera-sintetica,projecoes;pipeline-de-visualizacao-3d,conteudo,conceito-de-camera-sintetica,1,1,perspectiva,0,0,perspectiva,0,0,trocado,0.579,perspectiva,winner_score=4.84,perspectiva,0
CG,opengl3dcpp-vdi,unidade-06-processo-de-visualizacao-3d,conceito-de-camera-sintetica,projecoes;pipeline-de-visualizacao-3d,card,paralela,0,0,,0,0,,0,0,vazio,0.000,,empate-exato 2x score=4.84,,0
CG,opengl3dcpp,unidade-06-processo-de-visualizacao-3d,conceito-de-camera-sintetica,projecoes;pipeline-de-visualizacao-3d,card,paralela,0,0,,0,0,,0,0,vazio,0.000,,empate-exato 2x score=4.84,,0
CG,vis3d,unidade-06-processo-de-visualizacao-3d,projecoes,paralela;perspectiva;conceito-de-camera-sintetica;a-matematica-das-projecoes-planares,conteudo,paralela,1,0,,0,0,,0,0,vazio,0.000,,empate-exato 2x score=9.46,,0
CG,basico3d-cpp,unidade-07-representacao-e-modelagem-de-objetos,tecnicas-de-modelagem-3d,varredura;bezier-e-algoritmo-de-casteljau,conteudo,bezier-e-algoritmo-de-casteljau,1,0,bezier-e-algoritmo-de-casteljau,1,0,bezier-e-algoritmo-de-casteljau,1,0,ok,0.985,bezier-e-algoritmo-de-casteljau,winner_score=7.10,bezier-e-algoritmo-de-casteljau,0
CG,basico3d-py-zip,unidade-07-representacao-e-modelagem-de-objetos,tecnicas-de-modelagem-3d,varredura,conteudo,tecnicas-de-modelagem-3d,1,1,tecnicas-de-modelagem-3d,1,1,tecnicas-de-modelagem-3d,1,1,ok,0.840,tecnicas-de-modelagem-3d,winner_score=0.11,tecnicas-de-modelagem-3d,0
CG,exerciciodemodelagem,unidade-07-representacao-e-modelagem-de-objetos,varredura,tecnicas-de-modelagem-3d,conteudo,tecnicas-de-modelagem-3d,1,0,tecnicas-de-modelagem-3d,1,0,tecnicas-de-modelagem-3d,1,0,ok,0.982,tecnicas-de-modelagem-3d,winner_score=0.96,tecnicas-de-modelagem-3d,0
CG,elemoculto,unidade-06-processo-de-visualizacao-3d,algoritmos-de-remocao-de-elementos-ocultos,eliminacao-de-faces-traseiras;algoritmo-do-pintor;algoritmo-z-buffer;arvores-bsp,conteudo,algoritmos-de-remocao-de-elementos-ocultos,1,1,algoritmo-z-buffer,1,0,algoritmo-z-buffer,1,0,ok,0.432,algoritmo-z-buffer,winner_score=10.18,algoritmo-z-buffer,0
CG,exemplozbuffer,unidade-06-processo-de-visualizacao-3d,algoritmo-z-buffer,,conteudo,algoritmo-z-buffer,1,1,algoritmo-z-buffer,1,1,algoritmo-z-buffer,1,1,ok,0.862,algoritmo-z-buffer,winner_score=0.14,algoritmo-z-buffer,0
CG,iluminacao,unidade-08-sintese-de-imagens-realisticas,modelos-de-iluminacao-luz-pontual-direcional-spot,modelos-de-reflexao-ambiente-difusa-especular;metodos-de-sombreamento-flat-gouraud-phong,conteudo,modelos-de-reflexao-ambiente-difusa-especular,1,0,modelos-de-reflexao-ambiente-difusa-especular,1,0,modelos-de-reflexao-ambiente-difusa-especular,1,0,ok,0.352,modelos-de-reflexao-ambiente-difusa-especular,winner_score=1.80,modelos-de-reflexao-ambiente-difusa-especular,0
CG,programabasico3d,unidade-08-sintese-de-imagens-realisticas,modelos-de-reflexao-ambiente-difusa-especular,modelos-de-iluminacao-luz-pontual-direcional-spot;projecoes,conteudo,metodos-de-sombreamento-flat-gouraud-phong,0,0,metodos-de-sombreamento-flat-gouraud-phong,0,0,metodos-de-sombreamento-flat-gouraud-phong,0,0,trocado,0.000,,empate-exato 2x score=0.11,metodos-de-sombreamento-flat-gouraud-phong,0
CG,exercicios,unidade-01-introducao-ao-processamento-grafico,aplicacoes,,ruling-user 2026-09-11,aplicacoes,1,1,aplicacoes,1,1,,0,0,ok,1.000,aplicacoes,winner_score=7.14,aplicacoes,0
CG,opengl-cpp,unidade-01-introducao-ao-processamento-grafico,aplicacoes,,ruling-user 2026-09-11,aplicacoes,1,1,aplicacoes,1,1,conceitos,0,0,ok,0.639,aplicacoes,winner_score=13.28,aplicacoes,0
CG,opengl-py,unidade-01-introducao-ao-processamento-grafico,aplicacoes,,ruling-user 2026-09-11,aplicacoes,1,1,aplicacoes,1,1,conceitos,0,0,ok,0.384,aplicacoes,winner_score=7.79,aplicacoes,0
CG,openglbasico,unidade-01-introducao-ao-processamento-grafico,aplicacoes,,ruling-user 2026-09-11,aplicacoes,1,1,aplicacoes,1,1,aplicacoes,1,1,ok,1.000,aplicacoes,winner_score=9.75,aplicacoes,0
CG,exercicio-com-animacao,unidade-02-fundamentos-matematicos,operacoes-com-vetores,entidades-geometricas,conteudo,,0,0,algoritmos-de-poligonos,0,0,algoritmos-de-poligonos,0,0,trocado,1.000,algoritmos-de-poligonos,winner_score=0.42,algoritmos-de-poligonos,0
CG,exercicio-com-poligonos,unidade-02-fundamentos-matematicos,algoritmos-de-poligonos,,conteudo,algoritmos-de-poligonos,1,1,algoritmos-de-poligonos,1,1,algoritmos-de-poligonos,1,1,ok,1.000,algoritmos-de-poligonos,winner_score=0.42,algoritmos-de-poligonos,0
CG,exercicio-de-animacao-foguete,unidade-02-fundamentos-matematicos,operacoes-com-vetores,algoritmos-de-poligonos,conteudo,algoritmos-de-poligonos,1,0,algoritmos-de-poligonos,1,0,algoritmos-de-poligonos,1,0,ok,1.000,algoritmos-de-poligonos,winner_score=0.42,algoritmos-de-poligonos,0
CG,fundamentosmatematicos,unidade-02-fundamentos-matematicos,entidades-geometricas,operacoes-com-vetores,conteudo,entidades-geometricas,1,1,operacoes-com-vetores,1,0,operacoes-com-vetores,1,0,ok,0.812,operacoes-com-vetores,winner_score=2.06,operacoes-com-vetores,0
CG,matematica,unidade-02-fundamentos-matematicos,operacoes-com-vetores,entidades-geometricas,conteudo,entidades-geometricas,1,0,,0,0,,0,0,vazio,0.000,,sem-sinal (winner_score=0),,0
CG,colisao,unidade-02-fundamentos-matematicos,algoritmos-de-deteccao-e-calculo-de-interseccao,,conteudo,algoritmos-de-deteccao-e-calculo-de-interseccao,1,1,algoritmos-de-deteccao-e-calculo-de-interseccao,1,1,algoritmos-de-deteccao-e-calculo-de-interseccao,1,1,ok,0.881,algoritmos-de-deteccao-e-calculo-de-interseccao,winner_score=0.91,algoritmos-de-deteccao-e-calculo-de-interseccao,0
CG,geomcomp,unidade-02-fundamentos-matematicos,algoritmos-de-geometria-computacional,,conteudo,algoritmos-de-geometria-computacional,1,1,algoritmos-de-geometria-computacional,1,1,algoritmos-de-geometria-computacional,1,1,ok,0.923,algoritmos-de-geometria-computacional,winner_score=5.74,algoritmos-de-geometria-computacional,0
CG,animacao-v2,unidade-04-processo-de-visualizacao-2d,,,conteudo,desenho-de-linhas,0,0,desenho-de-linhas,0,0,desenho-de-linhas,0,0,trocado,0.920,desenho-de-linhas,winner_score=1.35,desenho-de-linhas,0
CG,exercicios-teoricos-sobre-processo-de-visualizacao-2d,unidade-04-processo-de-visualizacao-2d,sistema-de-coordenadas-cartesianas,,conteudo,desenho-de-linhas,0,0,desenho-de-linhas,0,0,desenho-de-linhas,0,0,trocado,0.887,desenho-de-linhas,winner_score=1.41,desenho-de-linhas,0
CG,instanciamento,unidade-04-processo-de-visualizacao-2d,,,conteudo,2d-3d-mao-direita-e-mao-esquerda,0,0,sistema-de-coordenadas-cartesianas,0,0,sistema-de-coordenadas-cartesianas,0,0,trocado,0.843,sistema-de-coordenadas-cartesianas,winner_score=0.91,sistema-de-coordenadas-cartesianas,0
CG,mapeamento,unidade-04-processo-de-visualizacao-2d,sistema-de-coordenadas-cartesianas,,conteudo,sistema-de-coordenadas-cartesianas,1,1,recorte,0,0,recorte,0,0,trocado,0.813,recorte,winner_score=4.84,recorte,0
CG,pagina-com-videos-sobre-instanciamento,unidade-04-processo-de-visualizacao-2d,,,conteudo,desenho-de-linhas,0,0,desenho-de-linhas,0,0,desenho-de-linhas,0,0,trocado,0.986,desenho-de-linhas,winner_score=1.35,desenho-de-linhas,0
CG,recorte,unidade-04-processo-de-visualizacao-2d,recorte,,conteudo,recorte,1,1,recorte,1,1,recorte,1,1,ok,0.934,recorte,winner_score=14.16,recorte,0
CG,transformacoesgeometricas,unidade-04-processo-de-visualizacao-2d,,,conteudo,desenho-de-linhas,0,0,desenho-de-linhas,0,0,desenho-de-linhas,0,0,trocado,0.862,desenho-de-linhas,winner_score=0.12,desenho-de-linhas,0
CG,transformacoesgl,unidade-04-processo-de-visualizacao-2d,,,conteudo,sistema-de-coordenadas-cartesianas,0,0,sistema-de-coordenadas-cartesianas,0,0,sistema-de-coordenadas-cartesianas,0,0,trocado,0.840,sistema-de-coordenadas-cartesianas,winner_score=0.12,sistema-de-coordenadas-cartesianas,0
CG,vis2d,unidade-04-processo-de-visualizacao-2d,sistema-de-coordenadas-cartesianas,recorte,conteudo,recorte,1,0,recorte,1,0,recorte,1,0,ok,0.857,recorte,winner_score=9.46,recorte,0
CG,bezier-animacao,unidade-07-representacao-e-modelagem-de-objetos,bezier-e-algoritmo-de-casteljau,representacao-de-curvas-parametricas,conteudo,bezier-e-algoritmo-de-casteljau,1,1,bezier-e-algoritmo-de-casteljau,1,1,bezier-e-algoritmo-de-casteljau,1,1,ok,0.989,bezier-e-algoritmo-de-casteljau,winner_score=10.95,bezier-e-algoritmo-de-casteljau,0
CG,bezier-cpp,unidade-07-representacao-e-modelagem-de-objetos,bezier-e-algoritmo-de-casteljau,representacao-de-curvas-parametricas,conteudo,bezier-e-algoritmo-de-casteljau,1,1,bezier-e-algoritmo-de-casteljau,1,1,bezier-e-algoritmo-de-casteljau,1,1,ok,0.989,bezier-e-algoritmo-de-casteljau,winner_score=10.95,bezier-e-algoritmo-de-casteljau,0
CG,bezier-py,unidade-07-representacao-e-modelagem-de-objetos,bezier-e-algoritmo-de-casteljau,representacao-de-curvas-parametricas,conteudo,bezier-e-algoritmo-de-casteljau,1,1,bezier-e-algoritmo-de-casteljau,1,1,representacao-de-curvas-parametricas,1,0,ok,0.989,bezier-e-algoritmo-de-casteljau,winner_score=10.95,bezier-e-algoritmo-de-casteljau,0
CG,bezier-python,unidade-07-representacao-e-modelagem-de-objetos,bezier-e-algoritmo-de-casteljau,representacao-de-curvas-parametricas,conteudo,bezier-e-algoritmo-de-casteljau,1,1,bezier-e-algoritmo-de-casteljau,1,1,tecnicas-de-modelagem-3d,0,0,ok,0.989,bezier-e-algoritmo-de-casteljau,winner_score=10.95,bezier-e-algoritmo-de-casteljau,0
CG,curvas,unidade-07-representacao-e-modelagem-de-objetos,representacao-de-curvas-parametricas,bezier-e-algoritmo-de-casteljau;hermite;catmull-rom;b-spline,conteudo,bezier-e-algoritmo-de-casteljau,1,0,bezier-e-algoritmo-de-casteljau,1,0,hermite,1,0,ok,0.086,representacao-de-curvas-parametricas,winner_score=5.30 | ambiguous,bezier-e-algoritmo-de-casteljau,0
CG,curvasparametricas,unidade-07-representacao-e-modelagem-de-objetos,representacao-de-curvas-parametricas,bezier-e-algoritmo-de-casteljau;hermite;catmull-rom;b-spline,conteudo,representacao-de-curvas-parametricas,1,1,representacao-de-curvas-parametricas,1,1,representacao-de-curvas-parametricas,1,1,ok,0.482,representacao-de-curvas-parametricas,winner_score=12.42,representacao-de-curvas-parametricas,0
CG,exercicios-sobre-curvas,unidade-07-representacao-e-modelagem-de-objetos,catmull-rom,representacao-de-curvas-parametricas;bezier-e-algoritmo-de-casteljau,conteudo,bezier-e-algoritmo-de-casteljau,1,0,bezier-e-algoritmo-de-casteljau,1,0,hermite,0,0,ok,0.132,hermite,winner_score=4.92,bezier-e-algoritmo-de-casteljau,0
CG,floodfill,unidade-03-processamento-de-imagens-e-visao-computacional,segmentacao,,conteudo,segmentacao,1,1,segmentacao,1,1,cores-e-tipos-de-imagens,0,0,ok,0.969,segmentacao,winner_score=4.54,segmentacao,0
CG,img,unidade-03-processamento-de-imagens-e-visao-computacional,cores-e-tipos-de-imagens,filtros;algoritmos-de-quantizacao-e-amostragem,conteudo,cores-e-tipos-de-imagens,1,1,cores-e-tipos-de-imagens,1,1,cores-e-tipos-de-imagens,1,1,ok,0.258,filtros,winner_score=2.00,cores-e-tipos-de-imagens,0
CG,remocaoderuido,unidade-03-processamento-de-imagens-e-visao-computacional,filtros,,conteudo,filtros,1,1,cores-e-tipos-de-imagens,0,0,cores-e-tipos-de-imagens,0,0,trocado,1.000,cores-e-tipos-de-imagens,winner_score=0.14,cores-e-tipos-de-imagens,0
CG,exercicios-de-processamento-de-imagens,unidade-03-processamento-de-imagens-e-visao-computacional,algoritmos-de-quantizacao-e-amostragem,cores-e-tipos-de-imagens;filtros;segmentacao,conteudo,cores-e-tipos-de-imagens,1,0,cores-e-tipos-de-imagens,1,0,cores-e-tipos-de-imagens,1,0,ok,1.000,cores-e-tipos-de-imagens,winner_score=0.14,cores-e-tipos-de-imagens,0
CG,introducaoprocimg,unidade-03-processamento-de-imagens-e-visao-computacional,filtros,introducao-e-exemplos-de-aplicacoes;cores-e-tipos-de-imagens,conteudo,filtros,1,1,segmentacao,0,0,filtros,1,1,trocado,0.120,segmentacao,winner_score=10.46,segmentacao,0
CG,exercicios-de-geometria-computacional,unidade-02-fundamentos-matematicos,algoritmos-de-geometria-computacional,,conteudo,algoritmos-de-geometria-computacional,1,1,algoritmos-de-geometria-computacional,1,1,algoritmos-de-geometria-computacional,1,1,ok,1.000,algoritmos-de-geometria-computacional,winner_score=1.38,algoritmos-de-geometria-computacional,0
CG,exercicios-sobre-curvas-html,unidade-07-representacao-e-modelagem-de-objetos,catmull-rom,representacao-de-curvas-parametricas;bezier-e-algoritmo-de-casteljau,conteudo,bezier-e-algoritmo-de-casteljau,1,0,bezier-e-algoritmo-de-casteljau,1,0,hermite,0,0,ok,0.132,hermite,winner_score=4.92,bezier-e-algoritmo-de-casteljau,0
CG,exercicios-teoricos-sobre-processo-de-visualizacao-2d-html,unidade-04-processo-de-visualizacao-2d,sistema-de-coordenadas-cartesianas,,conteudo,desenho-de-linhas,0,0,desenho-de-linhas,0,0,desenho-de-linhas,0,0,trocado,0.887,desenho-de-linhas,winner_score=1.41,desenho-de-linhas,0
CG,exerciciosfundamentosmatematicos,unidade-02-fundamentos-matematicos,algoritmos-de-poligonos,operacoes-com-vetores,conteudo,algoritmos-de-poligonos,1,1,operacoes-com-vetores,1,0,operacoes-com-vetores,1,0,ok,1.000,operacoes-com-vetores,winner_score=0.14,operacoes-com-vetores,0
CG,domina,unidade-02-fundamentos-matematicos,algoritmos-de-geometria-computacional,,conteudo,algoritmos-de-geometria-computacional,1,1,algoritmos-de-geometria-computacional,1,1,algoritmos-de-geometria-computacional,1,1,ok,1.000,algoritmos-de-geometria-computacional,winner_score=1.32,algoritmos-de-geometria-computacional,0
CG,planesweep,unidade-02-fundamentos-matematicos,algoritmos-de-geometria-computacional,,conteudo,algoritmos-de-geometria-computacional,1,1,algoritmos-de-geometria-computacional,1,1,algoritmos-de-geometria-computacional,1,1,ok,1.000,algoritmos-de-geometria-computacional,winner_score=1.32,algoritmos-de-geometria-computacional,0
CG,slab,unidade-02-fundamentos-matematicos,algoritmos-de-geometria-computacional,algoritmos-de-poligonos,conteudo,algoritmos-de-geometria-computacional,1,1,algoritmos-de-geometria-computacional,1,1,algoritmos-de-geometria-computacional,1,1,ok,0.667,algoritmos-de-geometria-computacional,winner_score=1.32,algoritmos-de-geometria-computacional,0
CG,exercicioduascores,unidade-03-processamento-de-imagens-e-visao-computacional,algoritmos-de-quantizacao-e-amostragem,cores-e-tipos-de-imagens,conteudo,cores-e-tipos-de-imagens,1,0,cores-e-tipos-de-imagens,1,0,cores-e-tipos-de-imagens,1,0,ok,1.000,cores-e-tipos-de-imagens,winner_score=0.14,cores-e-tipos-de-imagens,0
CG,video-sobre-origens-da-computacao-grafica-806e66,unidade-01-introducao-ao-processamento-grafico,origens,,titulo,origens,1,1,origens,1,1,origens,1,1,ok,1.000,origens,winner_score=13.22,origens,1
CG,video-com-instrucoes-para-usar-opengl-na-vdi-da-pucrs-3a8758,unidade-01-introducao-ao-processamento-grafico,aplicacoes,,ruling-user 2026-09-11,aplicacoes,1,1,aplicacoes,1,1,,0,0,ok,1.000,aplicacoes,winner_score=7.06,aplicacoes,1
CG,pagina-com-videos-sobre-fundamentos-matematicos-para-computacao-grafica-d1d4a9,unidade-02-fundamentos-matematicos,entidades-geometricas,operacoes-com-vetores,titulo,algoritmos-de-poligonos,0,0,algoritmos-de-poligonos,0,0,algoritmos-de-poligonos,0,0,trocado,0.722,algoritmos-de-poligonos,winner_score=0.44,algoritmos-de-poligonos,1
CG,videos-sobre-algoritmos-de-detecao-de-colisao-bd7d84,unidade-02-fundamentos-matematicos,algoritmos-de-deteccao-e-calculo-de-interseccao,,titulo,algoritmos-de-deteccao-e-calculo-de-interseccao,1,1,,0,0,,0,0,vazio,0.000,,sem-sinal (winner_score=0),algoritmos-de-deteccao-e-calculo-de-interseccao,1
CG,pagina-com-videos-sobre-geometria-computacional-ebca9a,unidade-02-fundamentos-matematicos,algoritmos-de-geometria-computacional,,titulo,algoritmos-de-geometria-computacional,1,1,algoritmos-de-geometria-computacional,1,1,algoritmos-de-geometria-computacional,1,1,ok,1.000,algoritmos-de-geometria-computacional,winner_score=1.32,algoritmos-de-geometria-computacional,1
CG,pagina-com-videos-sobre-recorte-e257d3,unidade-04-processo-de-visualizacao-2d,recorte,,titulo,recorte,1,1,recorte,1,1,recorte,1,1,ok,0.999,recorte,winner_score=14.16,recorte,1
CG,video-sobre-o-algoritmo-de-recorte-por-subdivisao-binaria-db7e2e,unidade-04-processo-de-visualizacao-2d,recorte,,titulo,recorte,1,1,recorte,1,1,recorte,1,1,ok,0.999,recorte,winner_score=13.26,recorte,1
CG,pagina-com-videos-sobre-mapeamento-9f410e,unidade-04-processo-de-visualizacao-2d,sistema-de-coordenadas-cartesianas,,conteudo,,0,0,,0,0,,0,0,vazio,0.000,,empate-exato 4x score=0.02,,1
CG,video-sobre-mapeamento-em-opengl-1dad3c,unidade-04-processo-de-visualizacao-2d,sistema-de-coordenadas-cartesianas,,conteudo,2d-3d-mao-direita-e-mao-esquerda,0,0,,0,0,,0,0,vazio,0.000,,empate-exato 4x score=0.02,2d-3d-mao-direita-e-mao-esquerda,1
CG,pagina-com-videos-sobre-curvas-parametricas-63d902,unidade-07-representacao-e-modelagem-de-objetos,representacao-de-curvas-parametricas,,titulo,representacao-de-curvas-parametricas,1,1,representacao-de-curvas-parametricas,1,1,hermite,0,0,ok,0.595,representacao-de-curvas-parametricas,winner_score=11.96,representacao-de-curvas-parametricas,1
CG,pagina-com-videos-sobre-manipulacao-de-imagens-61ddde,unidade-03-processamento-de-imagens-e-visao-computacional,cores-e-tipos-de-imagens,filtros,titulo,segmentacao,0,0,cores-e-tipos-de-imagens,1,1,cores-e-tipos-de-imagens,1,1,ok,0.865,cores-e-tipos-de-imagens,winner_score=0.91,segmentacao,1
CG,pagina-com-videos-sobre-introducao-ao-processamento-de-imagens-61f156,unidade-03-processamento-de-imagens-e-visao-computacional,introducao-e-exemplos-de-aplicacoes,filtros,titulo,filtros,1,0,segmentacao,0,0,filtros,1,0,trocado,0.071,filtros,winner_score=4.80 | ambiguous,filtros,1
CG,pagina-com-videos-sobre-segmentacao-de-imagens-d0627f,unidade-03-processamento-de-imagens-e-visao-computacional,segmentacao,,titulo,segmentacao,1,1,segmentacao,1,1,segmentacao,1,1,ok,0.992,segmentacao,winner_score=13.47,segmentacao,1
CG,pagina-com-videos-sobre-segmentacao-por-texturas-e03566,unidade-03-processamento-de-imagens-e-visao-computacional,segmentacao,,titulo,segmentacao,1,1,segmentacao,1,1,segmentacao,1,1,ok,0.992,segmentacao,winner_score=13.47,segmentacao,1
CG,aula-gravada-975b85,unidade-03-processamento-de-imagens-e-visao-computacional,segmentacao,filtros,titulo,segmentacao,1,1,segmentacao,1,1,segmentacao,1,1,ok,0.000,,sem-sinal (winner_score=0),segmentacao,1
CG,pagina-com-videos-sobre-morfologia-matematica-06265a,unidade-03-processamento-de-imagens-e-visao-computacional,segmentacao,filtros,titulo,segmentacao,1,1,segmentacao,1,1,segmentacao,1,1,ok,0.000,,sem-sinal (winner_score=0),segmentacao,1
CG,video-sobre-prechimento-de-areas-duracao-330-defae7,unidade-03-processamento-de-imagens-e-visao-computacional,segmentacao,,titulo,segmentacao,1,1,segmentacao,1,1,,0,0,ok,1.000,segmentacao,winner_score=0.12,segmentacao,1
CG,video-sobre-prechimento-de-areas-duracao-1300-d87e5f,unidade-03-processamento-de-imagens-e-visao-computacional,segmentacao,,titulo,segmentacao,1,1,segmentacao,1,1,cores-e-tipos-de-imagens,0,0,ok,0.865,segmentacao,winner_score=0.91,segmentacao,1
CG,paginas-com-videos-sobre-modelagem-geometrica-f2614a,unidade-07-representacao-e-modelagem-de-objetos,tecnicas-de-modelagem-3d,formas-de-representacao,titulo,geometria-solida-construtiva-csg,0,0,geometria-solida-construtiva-csg,0,0,geometria-solida-construtiva-csg,0,0,trocado,0.069,instanciamento-de-primitivas,winner_score=5.78 | ambiguous,geometria-solida-construtiva-csg,1
CG,pagina-com-videos-sobre-visualizacao-3d-35a833,unidade-06-processo-de-visualizacao-3d,pipeline-de-visualizacao-3d,projecoes;conceito-de-camera-sintetica,titulo,paralela,0,0,,0,0,,0,0,vazio,0.000,,empate-exato 2x score=4.84,paralela,1
CG,pagina-com-videos-sobre-remocao-de-elementos-ocultos-20c34a,unidade-06-processo-de-visualizacao-3d,algoritmos-de-remocao-de-elementos-ocultos,,titulo,algoritmos-de-remocao-de-elementos-ocultos,1,1,algoritmos-de-remocao-de-elementos-ocultos,1,1,algoritmos-de-remocao-de-elementos-ocultos,1,1,ok,0.275,algoritmo-do-pintor,winner_score=5.78,algoritmos-de-remocao-de-elementos-ocultos,1
CG,pagina-com-videos-sobre-sintese-de-imagens-realisticas-a6d9ea,unidade-08-sintese-de-imagens-realisticas,modelos-de-iluminacao-luz-pontual-direcional-spot,modelos-de-reflexao-ambiente-difusa-especular;metodos-de-sombreamento-flat-gouraud-phong,titulo,modelos-de-reflexao-ambiente-difusa-especular,1,0,modelos-de-reflexao-ambiente-difusa-especular,1,0,modelos-de-reflexao-ambiente-difusa-especular,1,0,ok,0.496,modelos-de-reflexao-ambiente-difusa-especular,winner_score=1.80,modelos-de-reflexao-ambiente-difusa-especular,1
FR,01-protocolos-de-rede,unidade-01-introducao-a-redes-de-computadores,conceito-de-protocolo-de-redes-pessoais-locais-metropolitanas-e-de-longa-distancia,conceitos-de-redes-de-computadores-e-internet,conteudo,conceito-de-protocolo-de-redes-pessoais-locais-metropolitanas-e-de-longa-distancia,1,1,modelos-osi-e-tcpip,0,0,modelos-osi-e-tcpip,0,0,trocado,1.000,modelos-osi-e-tcpip,winner_score=12.10,modelos-osi-e-tcpip,0
FR,02-modelos-de-referencia,unidade-01-introducao-a-redes-de-computadores,modelos-osi-e-tcpip,,conteudo,modelos-osi-e-tcpip,1,1,modelos-osi-e-tcpip,1,1,modelos-osi-e-tcpip,1,1,ok,0.907,modelos-osi-e-tcpip,winner_score=14.26,modelos-osi-e-tcpip,0
FR,03-tipos-de-redes,unidade-01-introducao-a-redes-de-computadores,conceito-de-protocolo-de-redes-pessoais-locais-metropolitanas-e-de-longa-distancia,classificacao-e-topologias-de-redes-de-computadores,conteudo,conceito-de-protocolo-de-redes-pessoais-locais-metropolitanas-e-de-longa-distancia,1,1,modelos-osi-e-tcpip,0,0,conceito-de-protocolo-de-redes-pessoais-locais-metropolitanas-e-de-longa-distancia,1,1,trocado,0.816,modelos-osi-e-tcpip,winner_score=7.06,modelos-osi-e-tcpip,0
FR,unidade1-exercicios,unidade-01-introducao-a-redes-de-computadores,modelos-osi-e-tcpip,conceitos-de-redes-de-computadores-e-internet;conceito-de-protocolo-de-redes-pessoais-locais-metropolitanas-e-de-longa-distancia,conteudo,modelos-osi-e-tcpip,1,1,modelos-osi-e-tcpip,1,1,,0,0,ok,0.985,modelos-osi-e-tcpip,winner_score=9.41,modelos-osi-e-tcpip,0
FR,04-camada-de-aplicacao,unidade-02-nivel-de-aplicacao,funcoes-e-caracteristicas-do-nivel-de-aplicacao,paradigmas-clienteservidor-e-p2p,conteudo,paradigmas-clienteservidor-e-p2p,1,0,protocolos-de-aplicacao-para-o-usuario-http-https-smtp-pop3-imap,0,0,protocolos-de-aplicacao-para-o-usuario-http-https-smtp-pop3-imap,0,0,trocado,0.333,protocolos-de-aplicacao-para-o-usuario-http-https-smtp-pop3-imap,winner_score=1.56,protocolos-de-aplicacao-para-o-usuario-http-https-smtp-pop3-imap,0
FR,04-protocolo-http,unidade-02-nivel-de-aplicacao,protocolos-de-aplicacao-para-o-usuario-http-https-smtp-pop3-imap,,conteudo,protocolos-de-aplicacao-para-o-usuario-http-https-smtp-pop3-imap,1,1,paradigmas-clienteservidor-e-p2p,0,0,paradigmas-clienteservidor-e-p2p,0,0,trocado,0.300,protocolos-de-aplicacao-para-o-usuario-http-https-smtp-pop3-imap,winner_score=1.30,paradigmas-clienteservidor-e-p2p,0
FR,05-protocolo-dns,unidade-02-nivel-de-aplicacao,protocolos-de-aplicacao-para-infraestrutura-dns-dhcp-snmp-nat,,conteudo,protocolos-de-aplicacao-para-infraestrutura-dns-dhcp-snmp-nat,1,1,protocolos-de-aplicacao-para-o-usuario-http-https-smtp-pop3-imap,0,0,protocolos-de-aplicacao-para-o-usuario-http-https-smtp-pop3-imap,0,0,trocado,0.273,protocolos-de-aplicacao-para-o-usuario-http-https-smtp-pop3-imap,winner_score=1.43,protocolos-de-aplicacao-para-o-usuario-http-https-smtp-pop3-imap,0
FR,06-protocolo-dhcp,unidade-02-nivel-de-aplicacao,protocolos-de-aplicacao-para-infraestrutura-dns-dhcp-snmp-nat,,conteudo,protocolos-de-aplicacao-para-infraestrutura-dns-dhcp-snmp-nat,1,1,protocolos-de-aplicacao-para-infraestrutura-dns-dhcp-snmp-nat,1,1,protocolos-de-aplicacao-para-infraestrutura-dns-dhcp-snmp-nat,1,1,ok,0.125,protocolos-de-aplicacao-para-infraestrutura-dns-dhcp-snmp-nat,winner_score=1.04,protocolos-de-aplicacao-para-infraestrutura-dns-dhcp-snmp-nat,0
FR,lista-de-exercicios-1-camada-de-aplicacao,unidade-02-nivel-de-aplicacao,funcoes-e-caracteristicas-do-nivel-de-aplicacao,protocolos-de-aplicacao-para-o-usuario-http-https-smtp-pop3-imap;protocolos-de-aplicacao-para-infraestrutura-dns-dhcp-snmp-nat;paradigmas-clienteservidor-e-p2p,conteudo,protocolos-de-aplicacao-para-o-usuario-http-https-smtp-pop3-imap,1,0,paradigmas-clienteservidor-e-p2p,1,0,paradigmas-clienteservidor-e-p2p,1,0,ok,0.000,,empate-exato 2x score=1.09,paradigmas-clienteservidor-e-p2p,0
FR,unidade2-exercicios-dhcp,unidade-02-nivel-de-aplicacao,protocolos-de-aplicacao-para-infraestrutura-dns-dhcp-snmp-nat,,conteudo,protocolos-de-aplicacao-para-infraestrutura-dns-dhcp-snmp-nat,1,1,protocolos-de-aplicacao-para-infraestrutura-dns-dhcp-snmp-nat,1,1,protocolos-de-aplicacao-para-infraestrutura-dns-dhcp-snmp-nat,1,1,ok,0.000,,empate-exato 2x score=0.96,protocolos-de-aplicacao-para-infraestrutura-dns-dhcp-snmp-nat,0
FR,unidade2-exercicios-dns,unidade-02-nivel-de-aplicacao,protocolos-de-aplicacao-para-infraestrutura-dns-dhcp-snmp-nat,,conteudo,protocolos-de-aplicacao-para-infraestrutura-dns-dhcp-snmp-nat,1,1,protocolos-de-aplicacao-para-infraestrutura-dns-dhcp-snmp-nat,1,1,protocolos-de-aplicacao-para-infraestrutura-dns-dhcp-snmp-nat,1,1,ok,0.853,protocolos-de-aplicacao-para-infraestrutura-dns-dhcp-snmp-nat,winner_score=0.96,protocolos-de-aplicacao-para-infraestrutura-dns-dhcp-snmp-nat,0
FR,unidade2-exercicios-http,unidade-02-nivel-de-aplicacao,protocolos-de-aplicacao-para-o-usuario-http-https-smtp-pop3-imap,,conteudo,protocolos-de-aplicacao-para-o-usuario-http-https-smtp-pop3-imap,1,1,paradigmas-clienteservidor-e-p2p,0,0,paradigmas-clienteservidor-e-p2p,0,0,trocado,0.287,protocolos-de-aplicacao-para-o-usuario-http-https-smtp-pop3-imap,winner_score=1.35,paradigmas-clienteservidor-e-p2p,0
FR,07-protocolos-de-e-mail,unidade-02-nivel-de-aplicacao,protocolos-de-aplicacao-para-o-usuario-http-https-smtp-pop3-imap,,conteudo,protocolos-de-aplicacao-para-o-usuario-http-https-smtp-pop3-imap,1,1,protocolos-de-aplicacao-para-o-usuario-http-https-smtp-pop3-imap,1,1,protocolos-de-aplicacao-para-o-usuario-http-https-smtp-pop3-imap,1,1,ok,0.544,protocolos-de-aplicacao-para-o-usuario-http-https-smtp-pop3-imap,winner_score=2.28,protocolos-de-aplicacao-para-o-usuario-http-https-smtp-pop3-imap,0
FR,08-desenvolvimento-de-aplicacoes,unidade-02-nivel-de-aplicacao,implementacao-de-sockets,paradigmas-clienteservidor-e-p2p,conteudo,implementacao-de-sockets,1,1,,0,0,,0,0,vazio,0.000,,empate-exato 2x score=1.04,,0
FR,udp-example-c,unidade-02-nivel-de-aplicacao,implementacao-de-sockets,protocolo-udp,conteudo,implementacao-de-sockets,1,1,paradigmas-clienteservidor-e-p2p,0,0,paradigmas-clienteservidor-e-p2p,0,0,trocado,0.981,paradigmas-clienteservidor-e-p2p,winner_score=0.91,paradigmas-clienteservidor-e-p2p,0
FR,udp-example-java,unidade-02-nivel-de-aplicacao,implementacao-de-sockets,protocolo-udp,conteudo,implementacao-de-sockets,1,1,paradigmas-clienteservidor-e-p2p,0,0,paradigmas-clienteservidor-e-p2p,0,0,trocado,0.981,paradigmas-clienteservidor-e-p2p,winner_score=0.91,paradigmas-clienteservidor-e-p2p,0
FR,tcp-chat-c,unidade-02-nivel-de-aplicacao,implementacao-de-sockets,protocolo-tcp,conteudo,implementacao-de-sockets,1,1,paradigmas-clienteservidor-e-p2p,0,0,paradigmas-clienteservidor-e-p2p,0,0,trocado,0.981,paradigmas-clienteservidor-e-p2p,winner_score=0.91,paradigmas-clienteservidor-e-p2p,0
FR,tcp-example,unidade-02-nivel-de-aplicacao,implementacao-de-sockets,protocolo-tcp,conteudo,implementacao-de-sockets,1,1,paradigmas-clienteservidor-e-p2p,0,0,paradigmas-clienteservidor-e-p2p,0,0,trocado,0.981,paradigmas-clienteservidor-e-p2p,winner_score=0.91,paradigmas-clienteservidor-e-p2p,0
