curso,entry_id,unidade,classe,tipo,confiante,gold_primario,gold_extras,pred_cru,PLANO,SARC,SECAO,TITULO,HEADINGS,CORPO,WEEKLBL,FNORIG,PLANO_p,SARC_p,SECAO_p,TITULO_p,HEADINGS_p,CORPO_p,WEEKLBL_p,FNORIG_p,SARC_nhits,SECAO_nhits,TITULO_nhits,HEADINGS_nhits,CORPO_nhits,WEEKLBL_nhits,FNORIG_nhits,score_gold,score_winner,gold_score_zero,gold_e_argmax_1a,ganho_PLANO,ganho_SARC,ganho_SECAO,ganho_TITULO,ganho_HEADINGS,ganho_CORPO,ganho_WEEKLBL,ganho_FNORIG,existe_SARC,existe_WEEKLBL,existe_FNORIG
MF,archive-of-formal-proofs-355fb8,unidade-01-metodos-formais,alcancavel-em-tese,trocado,1,provadores-de-teoremas,,abordagens-para-verificacao-formal,0,0,0,0,0,0,0,0,0,0,0,0,0,0,0,0,0,0,1,1,2,0,0,0.02,11.94,0,0,0,0,0,0,0,0,0,0,1,0,0
MF,logicapredicados-semantica,unidade-01-metodos-formais,alcancavel-em-tese,trocado,1,fundamentos-de-logica-de-primeira-ordem,,especificacao-de-funcoes-recursivas,0,0,0,0,0,0,0,0,0,0,0,0,0,0,0,0,0,0,0,0,0,1,0,0.02,1.20,0,0,0,0,0,0,0,0,0,0,1,1,1
MF,logicaproposicional-sintaxe,unidade-01-metodos-formais,alcancavel-em-tese,trocado,1,linguagens-de-especificacao-e-logicas,fundamentos-de-logica-de-primeira-ordem,especificacao-de-funcoes-recursivas,0,0,0,0,0,0,0,0,0,0,0,0,0,0,0,0,0,0,0,0,0,1,0,0.02,0.12,0,0,0,0,0,0,0,0,0,0,1,1,1
MF,revisao,unidade-01-metodos-formais,alcancavel-em-tese,trocado,1,sistemas-formais,,especificacao-de-conjuntos-indutivos,0,0,0,0,0,0,0,0,0,0,0,0,0,0,0,0,0,0,0,1,3,1,0,0.00,8.29,1,0,0,0,0,0,0,0,0,0,1,1,1
MF,exerciciosespecificacao-respostas,unidade-01-metodos-formais,alcancavel-em-tese,trocado,1,linguagens-de-especificacao-e-logicas,,especificacao-de-funcoes-recursivas,0,0,0,0,0,1,0,0,0,0,0,0,0,1,0,0,0,0,0,0,1,1,0,0.42,1.12,0,0,0,0,0,0,0,0,0,0,1,1,1
MF,exerciciosespecificacao,unidade-01-metodos-formais,alcancavel-em-tese,vazio,0,linguagens-de-especificacao-e-logicas,,,0,0,0,0,0,1,0,0,0,0,0,0,0,1,0,0,0,0,0,0,1,1,0,0.42,0.99,0,0,0,0,0,0,0,0,0,0,1,1,1
MF,logicaproposicional-semantica,unidade-01-metodos-formais,alcancavel-em-tese,vazio,0,linguagens-de-especificacao-e-logicas,fundamentos-de-logica-de-primeira-ordem,,0,0,0,0,0,0,0,0,0,0,0,0,0,0,0,0,0,0,0,0,0,1,0,0.02,0.12,0,0,0,0,0,0,0,0,0,0,1,1,1
MF,arvores,unidade-01-metodos-formais,alcancavel-em-tese,trocado,1,provadores-de-teoremas,especificacao-de-funcoes-recursivas,abordagens-para-verificacao-formal,0,0,1,0,0,0,0,0,0,0,1,0,1,0,0,0,0,1,1,2,0,0,0,0.12,0.91,0,0,0,0,1,0,0,0,0,0,1,1,1
MF,exemplos,unidade-01-metodos-formais,alcancavel-em-tese,trocado,1,provadores-de-teoremas,especificacao-de-funcoes-recursivas;especificacao-de-conjuntos-indutivos,exemplos-de-aplicacoes,0,0,1,0,0,0,0,0,0,0,1,0,0,0,0,0,0,1,1,1,1,0,1,0.12,11.09,0,0,0,0,0,0,0,0,0,0,1,1,1
MF,intro,unidade-01-metodos-formais,alcancavel-em-tese,trocado,1,provadores-de-teoremas,especificacao-de-conjuntos-indutivos;especificacao-de-funcoes-recursivas,abordagens-para-verificacao-formal,0,0,1,0,0,0,0,0,0,0,1,0,0,0,0,0,0,1,1,0,0,0,0,0.94,0.94,0,1,0,0,0,0,0,0,0,0,1,1,1
MF,listas,unidade-01-metodos-formais,alcancavel-em-tese,trocado,1,provadores-de-teoremas,especificacao-de-funcoes-recursivas,abordagens-para-verificacao-formal,0,0,1,0,0,0,0,0,0,0,1,0,0,0,0,0,0,1,1,1,0,0,0,0.02,0.91,0,0,0,0,1,0,0,0,0,0,1,1,1
MF,provas,unidade-01-metodos-formais,alcancavel-em-tese,trocado,1,provadores-de-teoremas,especificacao-de-funcoes-recursivas,abordagens-para-verificacao-formal,0,0,1,0,1,0,0,0,0,0,1,0,1,0,0,0,0,1,1,1,0,0,0,0.12,0.91,0,0,0,0,1,0,0,0,0,0,1,1,1
MF,hoare,unidade-02-verificacao-de-programas,alcancavel-em-tese,trocado,1,logica-de-hoare,softwares-de-suporte-a-verificacao-formal-de-programas;verificacao-de-programas,correcao-parcial-e-total,0,1,0,1,0,0,0,1,0,1,1,1,0,1,1,1,1,2,1,0,2,2,1,0.12,3.49,0,0,0,1,1,0,0,0,1,0,1,1,1
MF,terminacao,unidade-02-verificacao-de-programas,alcancavel-em-tese,vazio,0,correcao-parcial-e-total,invariante-e-variante-de-laco,,0,0,0,0,0,0,0,0,0,0,0,0,0,0,1,0,0,2,0,0,0,2,0,0.12,0.12,0,1,0,0,0,0,0,0,0,0,1,1,1
MF,tiposindutivos,unidade-02-verificacao-de-programas,alcancavel-em-tese,trocado,1,softwares-de-suporte-a-verificacao-formal-de-programas,,verificacao-de-programas,0,0,0,0,0,0,0,0,0,1,1,0,0,0,0,0,2,2,0,0,0,0,0,0.00,0.12,1,0,0,0,0,0,0,0,0,0,1,1,1
SO,1903-estruturas-de-controle,unidade-02-gerencia-do-processador,alcancavel-em-tese,trocado,1,conceitos-basicos,,escalonamento,0,0,0,0,0,0,0,0,0,0,0,0,0,0,0,0,1,0,0,0,1,0,0,0.00,2.00,1,0,0,0,0,0,0,0,0,0,1,1,1
SO,3103-threads,unidade-02-gerencia-do-processador,alcancavel-em-tese,trocado,0,conceitos-basicos,,escalonamento,0,0,0,0,0,0,0,0,0,0,0,0,0,0,0,0,1,0,0,0,1,0,0,0.00,2.00,1,0,0,0,0,0,0,0,0,0,1,1,1
SO,exercicios,unidade-02-gerencia-do-processador,alcancavel-em-tese,vazio,1,algoritmos-de-escalonamento,,,0,0,0,0,0,0,0,0,0,0,0,0,0,0,1,0,1,0,0,0,0,2,0,0.00,0.00,1,0,0,0,0,0,0,0,1,0,1,1,1
SO,exemplo-threads-em-c-exemplo1,unidade-02-gerencia-do-processador,alcancavel-em-tese,trocado,0,conceitos-basicos,,escalonamento,0,0,0,0,0,0,0,0,0,0,0,0,0,0,0,0,1,0,0,0,0,0,0,0.00,0.00,1,0,0,0,0,0,0,0,0,0,1,1,1
SO,exemplo-threads-em-c-exemplo2,unidade-02-gerencia-do-processador,alcancavel-em-tese,trocado,0,conceitos-basicos,,escalonamento,0,0,0,0,0,0,0,0,0,0,0,0,0,0,0,0,1,0,0,0,0,0,0,0.00,0.00,1,0,0,0,0,0,0,0,0,0,1,1,1
SO,exemplo-threads-em-c-exemplo3,unidade-02-gerencia-do-processador,alcancavel-em-tese,trocado,1,conceitos-basicos,,escalonamento,0,0,0,0,0,0,0,0,0,0,0,0,0,0,0,0,1,0,0,0,0,0,0,0.00,0.00,1,0,0,0,0,0,0,0,0,0,1,1,1
IA,algoritmo-de-classificacao-k-nn,unidade-de-aprendizagem-05-aprendizado-de-maquina,alcancavel-em-tese,trocado,1,modelos-preditivos,,introducao-ao-aprendizado-de-maquina,0,0,0,0,0,0,0,0,0,0,0,0,0,0,0,0,0,0,0,1,2,0,0,0.00,1.30,1,0,0,0,0,0,0,0,0,0,1,0,1
IA,exemplo-com-k-nn,unidade-de-aprendizagem-05-aprendizado-de-maquina,alcancavel-em-tese,trocado,1,modelos-preditivos,,introducao-ao-aprendizado-de-maquina,0,0,0,0,0,0,0,0,0,0,0,0,0,0,0,0,0,0,0,0,0,0,0,0.00,0.11,1,0,0,0,0,0,0,0,0,0,1,0,1
IA,exemplo-2-k-nn-com-iriscsv-mais-completo,unidade-de-aprendizagem-05-aprendizado-de-maquina,alcancavel-em-tese,trocado,1,modelos-preditivos,,introducao-ao-aprendizado-de-maquina,0,0,0,0,0,0,0,0,0,0,0,0,0,0,0,0,0,0,0,0,0,0,0,0.00,0.11,1,0,0,0,0,0,0,0,0,0,1,0,1
IA,exemplo-de-programa-com-k-nn-em-java,unidade-de-aprendizagem-05-aprendizado-de-maquina,alcancavel-em-tese,trocado,1,modelos-preditivos,,introducao-ao-aprendizado-de-maquina,0,0,0,0,0,0,0,0,0,0,0,0,0,0,0,0,0,0,1,0,1,0,0,0.00,11.92,1,0,0,0,0,0,0,0,0,0,1,0,1
IA,artigo-usando-k-nn-em-texto,unidade-de-aprendizagem-05-aprendizado-de-maquina,alcancavel-em-tese,trocado,1,modelos-preditivos,,introducao-ao-aprendizado-de-maquina,0,0,0,0,0,0,0,0,0,0,0,0,0,0,0,0,0,0,0,0,0,0,0,0.12,1.30,0,0,0,0,0,0,0,0,0,0,1,0,1
IA,k-nn-para-classificacao-exemplo-cardio,unidade-de-aprendizagem-05-aprendizado-de-maquina,alcancavel-em-tese,trocado,1,modelos-preditivos,,introducao-ao-aprendizado-de-maquina,0,0,0,0,0,0,0,0,0,0,0,0,0,0,0,0,0,1,0,0,0,0,0,0.00,0.11,1,0,0,0,0,0,0,0,0,0,1,0,1
IA,k-nn-para-regressao-exemplo-imc,unidade-de-aprendizagem-05-aprendizado-de-maquina,alcancavel-em-tese,trocado,1,modelos-preditivos,,introducao-ao-aprendizado-de-maquina,0,0,0,0,0,0,0,0,0,0,0,0,0,0,0,0,0,1,0,0,0,0,0,0.00,0.11,1,0,0,0,0,0,0,0,0,0,1,0,1
IA,introducao-a-redes-neurais,unidade-de-aprendizagem-05-aprendizado-de-maquina,alcancavel-em-tese,trocado,1,modelos-preditivos,,introducao-ao-aprendizado-de-maquina,0,0,0,0,0,0,0,0,0,0,0,0,0,0,0,0,0,1,0,0,1,0,0,0.00,1.04,1,0,0,0,0,0,0,0,0,0,1,0,1
IA,rede-perceptron,unidade-de-aprendizagem-05-aprendizado-de-maquina,alcancavel-em-tese,trocado,1,modelos-preditivos,,introducao-ao-aprendizado-de-maquina,0,0,0,0,0,0,0,0,0,0,0,0,0,0,0,0,0,1,0,0,1,0,0,0.00,1.17,1,0,0,0,0,0,0,0,0,0,1,0,1
IA,rede-perceptron-classificacao-de-cliente,unidade-de-aprendizagem-05-aprendizado-de-maquina,alcancavel-em-tese,trocado,1,modelos-preditivos,,introducao-ao-aprendizado-de-maquina,0,0,0,0,0,0,0,0,0,0,0,0,0,0,0,0,0,1,0,0,0,0,0,0.00,0.00,1,0,0,0,0,0,0,0,0,0,1,0,1
IA,rede-perceptron-classificacao-planta-iris,unidade-de-aprendizagem-05-aprendizado-de-maquina,alcancavel-em-tese,trocado,1,modelos-preditivos,,introducao-ao-aprendizado-de-maquina,0,0,0,0,0,0,0,0,0,0,0,0,0,0,0,0,0,1,0,0,0,0,0,0.00,0.11,1,0,0,0,0,0,0,0,0,0,1,0,1
IA,rede-perceptron-exemplo-atualizado,unidade-de-aprendizagem-05-aprendizado-de-maquina,alcancavel-em-tese,trocado,1,modelos-preditivos,,introducao-ao-aprendizado-de-maquina,0,0,0,0,0,0,0,0,0,0,0,0,0,0,0,0,0,1,0,0,1,0,0,0.00,0.91,1,0,0,0,0,0,0,0,0,0,1,0,1
IA,rede-perceptron-or-em-python,unidade-de-aprendizagem-05-aprendizado-de-maquina,alcancavel-em-tese,trocado,1,modelos-preditivos,,introducao-ao-aprendizado-de-maquina,0,0,0,0,0,0,0,0,0,0,0,0,0,0,0,0,0,1,0,0,0,0,0,0.00,0.00,1,0,0,0,0,0,0,0,0,0,1,0,1
IA,rede-perceptron-reconhecendo-letras,unidade-de-aprendizagem-05-aprendizado-de-maquina,alcancavel-em-tese,trocado,1,modelos-preditivos,,introducao-ao-aprendizado-de-maquina,0,0,0,0,0,0,0,0,0,0,0,0,0,0,0,0,0,1,0,0,0,0,0,0.00,0.00,1,0,0,0,0,0,0,0,0,0,1,0,1
IA,exercicio-2-solucao-com-rede-perceptron-atualizado,unidade-de-aprendizagem-05-aprendizado-de-maquina,alcancavel-em-tese,trocado,1,modelos-preditivos,,introducao-ao-aprendizado-de-maquina,0,0,0,0,0,0,0,0,0,0,0,0,0,0,0,0,0,1,0,0,0,0,0,0.00,0.00,1,0,0,0,0,0,0,0,0,0,1,0,1
IA,mlp,unidade-de-aprendizagem-05-aprendizado-de-maquina,alcancavel-em-tese,trocado,1,modelos-preditivos,,introducao-ao-aprendizado-de-maquina,0,0,0,0,0,0,0,0,0,0,0,0,0,0,0,0,0,1,0,0,1,0,0,0.11,1.17,0,0,0,0,0,0,0,0,0,0,1,0,1
IA,mlp-xoripynb,unidade-de-aprendizagem-05-aprendizado-de-maquina,alcancavel-em-tese,trocado,1,modelos-preditivos,,introducao-ao-aprendizado-de-maquina,0,0,0,0,0,0,0,0,0,0,0,0,0,0,0,0,0,1,0,0,0,0,0,0.00,0.00,1,0,0,0,0,0,0,0,0,0,1,0,1
IA,mlp-classificacao-iris-atualizado,unidade-de-aprendizagem-05-aprendizado-de-maquina,alcancavel-em-tese,trocado,1,modelos-preditivos,,introducao-ao-aprendizado-de-maquina,0,0,0,0,0,0,0,0,0,0,0,0,0,0,0,0,0,1,0,0,0,0,0,0.00,0.91,1,0,0,0,0,0,0,0,0,0,1,0,1
IA,mlp-regressao-cardio,unidade-de-aprendizagem-05-aprendizado-de-maquina,alcancavel-em-tese,trocado,1,modelos-preditivos,,introducao-ao-aprendizado-de-maquina,0,0,0,0,0,0,0,0,0,0,0,0,0,0,0,0,0,1,0,0,0,0,0,0.00,0.11,1,0,0,0,0,0,0,0,0,0,1,0,1
IA,rede-perceptron-e-equacao-de-reta,unidade-de-aprendizagem-05-aprendizado-de-maquina,alcancavel-em-tese,trocado,1,modelos-preditivos,,introducao-ao-aprendizado-de-maquina,0,0,0,0,0,0,0,0,0,0,0,0,0,0,0,0,0,1,0,0,0,0,0,0.00,0.91,1,0,0,0,0,0,0,0,0,0,1,0,1
IA,xor-backpropagation-em-python,unidade-de-aprendizagem-05-aprendizado-de-maquina,alcancavel-em-tese,trocado,1,modelos-preditivos,,introducao-ao-aprendizado-de-maquina,0,0,0,0,0,0,0,0,0,0,0,0,0,0,0,0,0,1,0,0,1,0,0,0.00,0.11,1,0,0,0,0,0,0,0,0,0,1,0,1
IA,mlp-classificacao-inadimplencia-normalizacao-e-gridsearchcv,unidade-de-aprendizagem-05-aprendizado-de-maquina,alcancavel-em-tese,trocado,1,modelos-preditivos,metricas-de-avaliacao,introducao-ao-aprendizado-de-maquina,0,0,0,0,0,0,0,0,0,0,0,0,0,0,0,0,0,1,0,0,0,0,0,0.11,0.11,0,1,0,0,0,0,0,0,0,0,1,0,1
IA,como-analisar-resultados-acc-pr-re-e-f1,unidade-de-aprendizagem-05-aprendizado-de-maquina,alcancavel-em-tese,trocado,1,metricas-de-avaliacao,,introducao-ao-aprendizado-de-maquina,0,0,0,0,0,0,0,0,0,0,0,0,0,0,0,0,0,1,0,1,1,0,0,0.91,8.79,0,0,0,0,0,0,0,0,0,0,1,0,1
IA,arvores-de-decisao,unidade-de-aprendizagem-05-aprendizado-de-maquina,alcancavel-em-tese,trocado,1,modelos-preditivos,,introducao-ao-aprendizado-de-maquina,0,0,0,0,0,0,0,0,0,0,0,0,0,0,0,0,0,1,0,2,2,0,0,0.11,8.97,0,0,0,0,0,0,0,0,0,0,1,0,1
IA,exemplo-1-arvores-de-decisao-classificacao-planta-iris,unidade-de-aprendizagem-05-aprendizado-de-maquina,alcancavel-em-tese,trocado,1,modelos-preditivos,,introducao-ao-aprendizado-de-maquina,0,0,0,0,0,0,0,0,0,0,0,0,0,0,0,0,0,1,0,1,1,0,0,0.00,1.17,1,0,0,0,0,0,0,0,0,0,1,0,1
IA,exemplo-2-arvores-de-decisao-regressao-diabetes,unidade-de-aprendizagem-05-aprendizado-de-maquina,alcancavel-em-tese,trocado,1,modelos-preditivos,,introducao-ao-aprendizado-de-maquina,0,0,0,0,0,0,0,0,0,0,0,0,0,0,0,0,0,1,0,1,1,0,0,0.00,1.17,1,0,0,0,0,0,0,0,0,0,1,0,1
IA,aula-sobre-agrupamento-parte-1-particional,unidade-de-aprendizagem-05-aprendizado-de-maquina,alcancavel-em-tese,trocado,1,modelos-descritivos,paradigmas-de-aprendizado,introducao-ao-aprendizado-de-maquina,0,0,1,0,1,0,0,0,0,0,1,0,1,1,0,0,0,1,0,1,2,0,0,0.91,2.70,0,0,0,0,0,0,0,0,0,0,1,0,1
IA,agrupamento-usando-k-means-exemplo-1-ipynb,unidade-de-aprendizagem-05-aprendizado-de-maquina,alcancavel-em-tese,trocado,1,modelos-descritivos,,introducao-ao-aprendizado-de-maquina,0,0,0,0,0,0,0,0,0,0,0,0,0,0,0,0,0,1,0,0,1,0,0,0.00,1.43,1,0,0,0,0,0,0,0,0,0,1,0,1
IA,agrupamento-usando-k-means-exemplo-2-ipynb,unidade-de-aprendizagem-05-aprendizado-de-maquina,alcancavel-em-tese,trocado,1,modelos-descritivos,,introducao-ao-aprendizado-de-maquina,0,0,0,0,0,0,0,0,0,0,0,0,0,0,0,0,0,1,0,2,2,0,0,0.00,8.79,1,0,0,0,0,0,0,0,0,0,1,0,1
IA,artigo-usando-agrupamento,unidade-de-aprendizagem-05-aprendizado-de-maquina,alcancavel-em-tese,trocado,1,modelos-descritivos,,introducao-ao-aprendizado-de-maquina,0,0,0,0,0,0,0,0,0,0,0,0,0,0,0,0,0,1,0,0,1,0,0,0.00,1.43,1,0,0,0,0,0,0,0,0,0,1,0,1
IA,survey-on-clustering,unidade-de-aprendizagem-05-aprendizado-de-maquina,alcancavel-em-tese,trocado,1,modelos-descritivos,,introducao-ao-aprendizado-de-maquina,0,0,0,0,0,0,0,0,0,0,0,0,0,0,0,0,0,1,0,0,0,0,0,0.00,0.91,1,0,0,0,0,0,0,0,0,0,1,0,1
IA,aula-sobre-agrupamento-parte-2-hierarquico,unidade-de-aprendizagem-05-aprendizado-de-maquina,alcancavel-em-tese,trocado,1,modelos-descritivos,,introducao-ao-aprendizado-de-maquina,0,0,0,0,0,0,0,0,0,0,0,0,0,0,0,0,0,1,0,1,2,0,0,0.00,2.52,1,0,0,0,0,0,0,0,0,0,1,0,1
IA,agrupamento-hierarquico-exemplo-1,unidade-de-aprendizagem-05-aprendizado-de-maquina,alcancavel-em-tese,trocado,1,modelos-descritivos,,introducao-ao-aprendizado-de-maquina,0,0,0,0,0,0,0,0,0,0,0,0,0,0,0,0,0,1,0,2,2,0,0,0.00,8.97,1,0,0,0,0,0,0,0,0,0,1,0,1
IA,agrupamento-hierarquico-exemplo-2-use-o-dataset-da-planta-iris,unidade-de-aprendizagem-05-aprendizado-de-maquina,alcancavel-em-tese,trocado,1,modelos-descritivos,,introducao-ao-aprendizado-de-maquina,0,0,0,0,0,0,0,0,0,0,0,0,0,0,0,0,0,1,0,2,2,0,0,0.00,15.77,1,0,0,0,0,0,0,0,0,0,1,0,1
ES2,revisaoarquiteturapadroes,unidade-01-arquitetura-de-software,alcancavel-em-tese,vazio,1,conceito-de-arquitetura-de-software,estilos-e-padroes-arquiteturais,,0,1,0,1,1,0,1,0,0,1,0,1,1,1,1,0,1,0,1,1,8,1,0,1.48,4.84,0,0,0,0,0,0,0,0,0,0,1,1,1
ES2,microsservicos,unidade-01-arquitetura-de-software,alcancavel-em-tese,trocado,1,orientada-a-microsservicos,,estilos-e-padroes-arquiteturais,0,0,0,0,0,0,0,0,0,0,1,0,0,0,0,0,1,2,0,0,5,1,0,0.12,2.16,0,0,0,0,0,0,0,0,0,0,1,1,1
ES2,roteiro1,unidade-01-arquitetura-de-software,alcancavel-em-tese,vazio,0,estudo-de-caso-arquitetura-orientada-a-microsservicos,,,0,0,0,0,0,0,0,0,0,0,1,0,0,0,0,0,0,2,0,0,0,0,0,0.00,0.02,1,0,0,0,0,0,0,0,0,0,1,1,1
ES2,devops,unidade-02-integracao-de-desenvolvimento-e-operacao-devops,alcancavel-em-tese,trocado,1,conceito-de-devops,gerenciamento-da-configuracao,integracao-continua-ci,0,0,0,0,1,0,1,0,0,1,1,1,1,1,1,1,2,2,2,1,7,1,2,1.32,10.14,0,0,0,0,0,0,0,0,0,0,1,1,1
ES2,kubernetes,unidade-02-integracao-de-desenvolvimento-e-operacao-devops,alcancavel-em-tese,vazio,0,plataformas-de-devops,,,0,0,0,0,0,0,0,0,0,1,1,0,0,0,0,0,2,2,0,0,1,1,0,0.00,0.11,1,0,0,0,0,0,0,0,0,0,1,1,1
ES2,roteiro2-nameserver,unidade-01-arquitetura-de-software,alcancavel-em-tese,trocado,1,estudo-de-caso-arquitetura-orientada-a-microsservicos,,cliente-servidor,0,1,0,0,0,0,0,0,0,1,1,0,0,0,0,0,1,2,0,0,2,0,0,0.11,1.35,0,0,0,1,0,0,0,0,0,0,1,1,1
ES2,roteiro2,unidade-01-arquitetura-de-software,alcancavel-em-tese,vazio,0,estudo-de-caso-arquitetura-orientada-a-microsservicos,,,0,1,0,0,0,0,0,0,0,1,1,0,0,0,0,0,1,2,0,0,0,0,0,0.00,0.02,1,0,0,1,0,0,0,0,0,0,1,1,1
ES2,microsservicos6,unidade-02-integracao-de-desenvolvimento-e-operacao-devops,alcancavel-em-tese,trocado,1,estudo-de-caso-integracao-e-implantacao-de-microsservicos,,gerenciamento-da-configuracao,0,0,1,0,0,0,0,0,0,0,1,0,0,0,0,0,0,1,0,0,1,0,0,0.00,1.32,1,0,0,0,0,0,0,0,0,0,1,1,1
ES2,roteiro8-autenticacao-autorizacao,unidade-02-integracao-de-desenvolvimento-e-operacao-devops,alcancavel-em-tese,trocado,1,estudo-de-caso-integracao-e-implantacao-de-microsservicos,,gerenciamento-da-configuracao,0,0,1,0,0,0,0,0,0,0,1,0,0,0,0,0,0,1,0,0,0,0,0,0.00,0.11,1,0,0,0,0,0,0,0,0,0,1,1,1
TCC,aula-06-revisao-alfabeto-cadeia-linguagem-hierarquia-de-chomsky-lemas-e-propriedades-de-automatos,unidade-02-turing-computabilidade,gold-vazio,trocado,1,,,maquinas-de-turing,0,0,0,0,0,0,0,0,0,0,0,0,0,0,0,0,,,,,,,,,,,,,,,,,,,,,,
TCC,aula-09-variacoes-de-maquinas-de-turing,unidade-02-turing-computabilidade,alcancavel-em-tese,trocado,0,variacoes-de-maquinas-de-turing,,maquinas-de-turing,1,0,0,0,0,0,0,0,1,0,1,1,1,1,0,0,0,2,2,2,3,0,0,15.28,15.28,0,1,0,0,1,1,1,1,0,0,1,0,1
TCC,aula-10-linguagens-reconhecıveis-e-linguagens-decidıveis-pdf,unidade-02-turing-computabilidade,alcancavel-em-tese,trocado,1,linguagens-reconheciveis-e-decidiveis,maquinas-de-turing-universais,maquinas-de-turing,1,0,0,1,0,0,0,0,1,1,0,1,1,1,0,0,2,2,1,3,3,0,0,10.58,17.67,0,0,0,0,0,0,0,0,0,0,1,0,1
CG,atividade,unidade-06-processo-de-visualizacao-3d,alcancavel-em-tese,vazio,0,conceito-de-camera-sintetica,projecoes,,0,0,0,0,0,0,0,0,0,0,0,0,0,0,0,0,0,0,0,0,0,0,0,0.00,0.02,1,0,0,0,0,0,0,0,0,0,1,0,1
CG,basico3d-py,unidade-06-processo-de-visualizacao-3d,alcancavel-em-tese,trocado,1,conceito-de-camera-sintetica,pipeline-de-visualizacao-3d;projecoes,perspectiva,0,0,0,0,0,0,0,0,0,0,0,0,0,0,0,0,0,0,0,0,1,0,0,0.11,4.84,0,0,0,0,0,0,0,0,0,0,1,0,1
CG,opengl3d,unidade-06-processo-de-visualizacao-3d,alcancavel-em-tese,trocado,0,conceito-de-camera-sintetica,projecoes;pipeline-de-visualizacao-3d,perspectiva,0,0,0,0,0,0,0,0,0,0,0,0,0,0,0,0,0,0,0,0,2,0,0,0.91,4.84,0,0,0,0,0,0,0,0,0,0,1,0,0
CG,opengl3dcpp-vdi,unidade-06-processo-de-visualizacao-3d,alcancavel-em-tese,vazio,0,conceito-de-camera-sintetica,projecoes;pipeline-de-visualizacao-3d,,0,0,0,0,0,0,0,0,0,0,0,0,0,0,0,0,0,0,0,0,2,0,0,0.11,4.84,0,0,0,0,0,0,0,0,0,0,1,0,1
CG,opengl3dcpp,unidade-06-processo-de-visualizacao-3d,alcancavel-em-tese,vazio,0,conceito-de-camera-sintetica,projecoes;pipeline-de-visualizacao-3d,,0,0,0,0,0,0,0,0,0,0,0,0,0,0,0,0,0,0,0,0,2,0,0,0.11,4.84,0,0,0,0,0,0,0,0,0,0,1,0,1
CG,vis3d,unidade-06-processo-de-visualizacao-3d,alcancavel-em-tese,vazio,0,projecoes,paralela;perspectiva;conceito-de-camera-sintetica;a-matematica-das-projecoes-planares,,1,0,0,0,0,0,0,0,1,0,0,0,1,1,0,0,0,0,0,3,4,0,0,9.46,9.46,0,1,0,0,0,0,0,0,0,0,1,0,0
CG,programabasico3d,unidade-08-sintese-de-imagens-realisticas,alcancavel-em-tese,trocado,1,modelos-de-reflexao-ambiente-difusa-especular,modelos-de-iluminacao-luz-pontual-direcional-spot;projecoes,metodos-de-sombreamento-flat-gouraud-phong,0,1,0,0,0,0,0,0,0,1,0,0,0,0,0,0,1,0,0,0,0,0,0,0.11,0.11,0,1,0,0,0,0,0,0,0,0,1,0,1
CG,exercicio-com-animacao,unidade-02-fundamentos-matematicos,alcancavel-em-tese,trocado,0,operacoes-com-vetores,entidades-geometricas,algoritmos-de-poligonos,0,0,0,0,0,0,0,0,0,0,0,0,0,0,0,0,0,0,0,0,1,0,0,0.00,0.42,1,0,0,0,0,0,0,0,0,0,1,0,1
CG,matematica,unidade-02-fundamentos-matematicos,alcancavel-em-tese,vazio,0,operacoes-com-vetores,entidades-geometricas,,0,0,0,0,0,0,0,0,0,0,0,0,0,0,0,0,0,0,0,0,0,0,0,0.00,0.00,1,0,0,0,0,0,0,0,0,0,1,0,1
CG,animacao-v2,unidade-04-processo-de-visualizacao-2d,gold-vazio,trocado,0,,,desenho-de-linhas,0,0,0,0,0,0,0,0,0,0,0,0,0,0,0,0,,,,,,,,,,,,,,,,,,,,,,
CG,exercicios-teoricos-sobre-processo-de-visualizacao-2d,unidade-04-processo-de-visualizacao-2d,alcancavel-em-tese,trocado,1,sistema-de-coordenadas-cartesianas,,desenho-de-linhas,0,0,0,0,0,0,0,0,0,0,0,0,0,0,0,0,1,0,0,0,1,0,0,0.00,1.41,1,0,0,0,0,0,0,0,0,0,1,0,1
CG,instanciamento,unidade-04-processo-de-visualizacao-2d,gold-vazio,trocado,0,,,sistema-de-coordenadas-cartesianas,0,0,0,0,0,0,0,0,0,0,0,0,0,0,0,0,,,,,,,,,,,,,,,,,,,,,,
CG,mapeamento,unidade-04-processo-de-visualizacao-2d,alcancavel-em-tese,trocado,0,sistema-de-coordenadas-cartesianas,,recorte,0,0,0,0,0,0,0,0,0,0,0,0,0,0,0,0,1,0,0,0,1,0,0,0.91,4.84,0,0,0,0,0,0,0,0,0,0,1,0,1
CG,pagina-com-videos-sobre-instanciamento,unidade-04-processo-de-visualizacao-2d,gold-vazio,trocado,1,,,desenho-de-linhas,0,0,0,0,0,0,0,0,0,0,0,0,0,0,0,0,,,,,,,,,,,,,,,,,,,,,,
CG,transformacoesgeometricas,unidade-04-processo-de-visualizacao-2d,gold-vazio,trocado,0,,,desenho-de-linhas,0,0,0,0,0,0,0,0,0,0,0,0,0,0,0,0,,,,,,,,,,,,,,,,,,,,,,
CG,transformacoesgl,unidade-04-processo-de-visualizacao-2d,gold-vazio,trocado,0,,,sistema-de-coordenadas-cartesianas,0,0,0,0,0,0,0,0,0,0,0,0,0,0,0,0,,,,,,,,,,,,,,,,,,,,,,
CG,remocaoderuido,unidade-03-processamento-de-imagens-e-visao-computacional,alcancavel-em-tese,trocado,0,filtros,,cores-e-tipos-de-imagens,0,0,0,0,0,0,0,0,0,0,0,0,0,0,0,0,0,0,0,0,0,0,0,0.00,0.14,1,0,0,0,0,0,0,0,0,0,1,0,0
CG,introducaoprocimg,unidade-03-processamento-de-imagens-e-visao-computacional,alcancavel-em-tese,trocado,1,filtros,introducao-e-exemplos-de-aplicacoes;cores-e-tipos-de-imagens,segmentacao,1,0,0,0,1,0,0,0,1,0,0,0,1,1,0,0,0,0,0,1,2,0,0,9.20,10.46,0,0,0,0,0,0,0,0,0,0,1,0,0
CG,exercicios-teoricos-sobre-processo-de-visualizacao-2d-html,unidade-04-processo-de-visualizacao-2d,alcancavel-em-tese,trocado,1,sistema-de-coordenadas-cartesianas,,desenho-de-linhas,0,0,0,0,0,0,0,0,0,0,0,0,0,0,0,0,1,0,0,0,1,0,0,0.00,1.41,1,0,0,0,0,0,0,0,0,0,1,0,1
CG,pagina-com-videos-sobre-fundamentos-matematicos-para-computacao-grafica-d1d4a9,unidade-02-fundamentos-matematicos,alcancavel-em-tese,trocado,1,entidades-geometricas,operacoes-com-vetores,algoritmos-de-poligonos,0,0,0,0,0,0,0,0,0,0,0,0,0,0,0,0,0,0,0,0,1,0,0,0.12,0.44,0,0,0,0,0,0,0,0,0,0,1,0,0
CG,videos-sobre-algoritmos-de-detecao-de-colisao-bd7d84,unidade-02-fundamentos-matematicos,alcancavel-em-tese,vazio,1,algoritmos-de-deteccao-e-calculo-de-interseccao,,,0,0,0,0,0,0,0,0,0,0,0,0,0,0,0,0,0,0,0,0,0,0,0,0.00,0.00,1,0,0,0,0,0,0,0,0,0,1,0,0
CG,pagina-com-videos-sobre-mapeamento-9f410e,unidade-04-processo-de-visualizacao-2d,alcancavel-em-tese,vazio,0,sistema-de-coordenadas-cartesianas,,,0,0,0,0,0,0,0,0,0,0,0,0,0,0,0,0,1,0,0,0,0,0,0,0.00,0.02,1,0,0,0,0,0,0,0,0,0,1,0,0
CG,video-sobre-mapeamento-em-opengl-1dad3c,unidade-04-processo-de-visualizacao-2d,alcancavel-em-tese,vazio,0,sistema-de-coordenadas-cartesianas,,,0,0,0,0,0,0,0,0,0,0,0,0,0,0,0,0,1,0,0,0,0,0,0,0.00,0.02,1,0,0,0,0,0,0,0,0,0,1,0,0
CG,pagina-com-videos-sobre-introducao-ao-processamento-de-imagens-61f156,unidade-03-processamento-de-imagens-e-visao-computacional,alcancavel-em-tese,trocado,1,introducao-e-exemplos-de-aplicacoes,filtros,segmentacao,1,0,0,0,0,0,0,0,1,0,0,0,0,1,0,0,0,0,0,0,2,0,0,4.80,4.80,0,1,0,0,0,0,0,1,0,0,1,0,0
CG,paginas-com-videos-sobre-modelagem-geometrica-f2614a,unidade-07-representacao-e-modelagem-de-objetos,alcancavel-em-tese,trocado,1,tecnicas-de-modelagem-3d,formas-de-representacao,geometria-solida-construtiva-csg,0,0,0,0,0,0,0,0,0,0,0,0,0,1,0,0,0,0,0,0,6,0,0,1.32,5.78,0,0,0,0,0,0,0,0,0,0,1,0,0
CG,pagina-com-videos-sobre-visualizacao-3d-35a833,unidade-06-processo-de-visualizacao-3d,alcancavel-em-tese,vazio,0,pipeline-de-visualizacao-3d,projecoes;conceito-de-camera-sintetica,,1,0,0,0,0,0,0,0,1,0,0,0,0,1,0,0,0,0,0,0,3,0,0,4.80,4.84,0,0,0,0,0,0,0,0,0,0,1,0,0
FR,01-protocolos-de-rede,unidade-01-introducao-a-redes-de-computadores,alcancavel-em-tese,trocado,1,conceito-de-protocolo-de-redes-pessoais-locais-metropolitanas-e-de-longa-distancia,conceitos-de-redes-de-computadores-e-internet,modelos-osi-e-tcpip,0,0,0,0,0,0,0,0,0,0,0,0,0,0,0,0,0,0,1,1,1,0,1,0.00,12.10,1,0,0,0,0,0,0,0,0,0,1,0,1
FR,03-tipos-de-redes,unidade-01-introducao-a-redes-de-computadores,alcancavel-em-tese,trocado,1,conceito-de-protocolo-de-redes-pessoais-locais-metropolitanas-e-de-longa-distancia,classificacao-e-topologias-de-redes-de-computadores,modelos-osi-e-tcpip,0,0,0,0,0,0,0,0,0,0,0,0,0,0,0,0,1,0,0,1,1,0,0,1.30,7.06,0,0,0,0,0,0,0,0,0,0,1,0,1
FR,04-camada-de-aplicacao,unidade-02-nivel-de-aplicacao,alcancavel-em-tese,trocado,1,funcoes-e-caracteristicas-do-nivel-de-aplicacao,paradigmas-clienteservidor-e-p2p,protocolos-de-aplicacao-para-o-usuario-http-https-smtp-pop3-imap,0,0,0,0,1,1,0,0,0,0,0,0,1,1,0,0,0,0,0,1,1,0,0,1.04,1.56,0,0,0,0,0,0,0,0,0,0,1,0,1
FR,04-protocolo-http,unidade-02-nivel-de-aplicacao,alcancavel-em-tese,trocado,1,protocolos-de-aplicacao-para-o-usuario-http-https-smtp-pop3-imap,,paradigmas-clienteservidor-e-p2p,0,0,0,1,0,0,0,1,0,0,0,1,0,0,0,1,0,0,1,0,1,0,1,1.30,1.30,0,1,0,0,0,1,0,0,0,1,1,0,1
FR,05-protocolo-dns,unidade-02-nivel-de-aplicacao,alcancavel-em-tese,trocado,1,protocolos-de-aplicacao-para-infraestrutura-dns-dhcp-snmp-nat,,protocolos-de-aplicacao-para-o-usuario-http-https-smtp-pop3-imap,0,0,0,0,0,0,0,0,0,0,0,0,0,0,0,0,0,0,0,0,1,0,0,1.04,1.43,0,0,0,0,0,0,0,0,0,0,1,0,1
FR,unidade2-exercicios-http,unidade-02-nivel-de-aplicacao,alcancavel-em-tese,trocado,1,protocolos-de-aplicacao-para-o-usuario-http-https-smtp-pop3-imap,,paradigmas-clienteservidor-e-p2p,0,0,0,0,0,0,0,0,0,0,0,0,0,0,0,0,0,0,0,0,1,0,0,1.35,1.35,0,1,0,0,0,0,0,0,0,0,1,0,1
FR,08-desenvolvimento-de-aplicacoes,unidade-02-nivel-de-aplicacao,alcancavel-em-tese,vazio,0,implementacao-de-sockets,paradigmas-clienteservidor-e-p2p,,0,0,0,0,1,1,0,0,0,0,0,0,1,1,0,0,1,0,0,1,1,0,0,0.91,1.04,0,0,0,0,0,0,0,0,0,0,1,0,1
FR,udp-example-c,unidade-02-nivel-de-aplicacao,alcancavel-em-tese,trocado,1,implementacao-de-sockets,protocolo-udp,paradigmas-clienteservidor-e-p2p,0,0,0,0,0,0,0,0,0,0,0,0,0,0,0,0,0,0,0,0,1,0,0,0.02,0.91,0,0,0,0,0,0,0,0,0,0,1,0,1
FR,udp-example-java,unidade-02-nivel-de-aplicacao,alcancavel-em-tese,trocado,1,implementacao-de-sockets,protocolo-udp,paradigmas-clienteservidor-e-p2p,0,0,0,0,0,0,0,0,0,0,0,0,0,0,0,0,1,0,0,0,1,0,0,0.02,0.91,0,0,0,0,0,0,0,0,0,0,1,0,1
FR,tcp-chat-c,unidade-02-nivel-de-aplicacao,alcancavel-em-tese,trocado,1,implementacao-de-sockets,protocolo-tcp,paradigmas-clienteservidor-e-p2p,0,0,0,0,0,0,0,0,0,0,0,0,0,0,0,0,1,0,0,0,1,0,0,0.02,0.91,0,0,0,0,0,0,0,0,0,0,1,0,1
FR,tcp-example,unidade-02-nivel-de-aplicacao,alcancavel-em-tese,trocado,1,implementacao-de-sockets,protocolo-tcp,paradigmas-clienteservidor-e-p2p,0,0,0,0,0,0,0,0,0,0,0,0,0,0,0,0,0,0,0,0,1,0,0,0.02,0.91,0,0,0,0,0,0,0,0,0,0,1,0,1
