curso,entry_id,grupo,gold,code_gold,rival,code_rival,score_gold,score_rival,frase_filho_casa,frase_pai_casa,n_distintivos_filho,distintivos_filho,chars_texto,razoes
MF,archive-of-formal-proofs-355fb8,E-pai,provadores-de-teoremas,1.3.3,abordagens-para-verificacao-formal,1.3,0.017,9.506,0,0,0,,473,winner_score=11.94
MF,exerciciosformalizacaoalgoritmosrecursao3,C-filho,especificacao-de-funcoes-recursivas,1.2.3,linguagens-de-especificacao-e-logicas,1.2,9.446,0.0,0,0,9,algoritmo;algoritmos;arvores;como;equacoes;formalizacao;listas;recursivas;sobre,1230,winner_score=9.45
MF,formalizacaoalgoritmos-recursao2,C-filho,especificacao-de-funcoes-recursivas,1.2.3,linguagens-de-especificacao-e-logicas,1.2,9.546,0.388,0,0,9,algoritmos;como;equacoes;formalizacao;funcoes;listas;polimorficas;recursivas;sobre,2773,winner_score=16.53;rotulo-decomposto
MF,exerciciosconjuntosindutivos,C-filho,especificacao-de-conjuntos-indutivos,1.2.2,linguagens-de-especificacao-e-logicas,1.2,11.842,0.0,0,0,4,arvores;conjuntos;indutivos;listas,2171,winner_score=11.84
MF,conjuntosindutivos,C-filho,especificacao-de-conjuntos-indutivos,1.2.2,linguagens-de-especificacao-e-logicas,1.2,12.302,0.388,0,0,7,arvores;conjuntos;definicao;indutiva;indutivos;listas;polimorficas,13752,winner_score=12.30
MF,logicapredicados-semantica,C-filho,fundamentos-de-logica-de-primeira-ordem,1.2.1,linguagens-de-especificacao-e-logicas,1.2,7.096,0.0,0,0,1,predicados,5578,winner_score=7.10
MF,logicapredicados-sintaxe,C-filho,fundamentos-de-logica-de-primeira-ordem,1.2.1,linguagens-de-especificacao-e-logicas,1.2,11.664,0.0,0,0,4,ordem;predicados;primeira;proposicional,6323,winner_score=11.66
MF,logicaproposicional-sintaxe,C-pai,linguagens-de-especificacao-e-logicas,1.2,fundamentos-de-logica-de-primeira-ordem,1.2.1,0.0,10.392,0,0,1,proposicional,5424,winner_score=10.39
MF,introducao,C-pai,abordagens-para-verificacao-formal,1.3,provadores-de-teoremas,1.3.3,5.16,3.222,0,1,4,assistentes;prova;provadores;teoremas,8739,winner_score=7.06;ambiguous
MF,provasindutivas-especificacoesrecursivas,C-filho,especificacao-de-funcoes-recursivas,1.2.3,linguagens-de-especificacao-e-logicas,1.2,9.366,0.0,0,0,9,arvores;como;especificacoes;funcoes;inducao;listas;provas;recursivas;sobre,7110,winner_score=9.37
MF,provasindutivas-especificacoesrecursivas-arvores,C-filho,especificacao-de-funcoes-recursivas,1.2.3,linguagens-de-especificacao-e-logicas,1.2,1.584,0.0,0,0,7,arvores;como;especificacoes;inducao;provas;recursivas;sobre,2790,winner_score=1.58
MF,provasindutivas-especificacoesrecursivas-listas,C-filho,especificacao-de-funcoes-recursivas,1.2.3,linguagens-de-especificacao-e-logicas,1.2,1.584,0.0,0,0,7,como;especificacoes;inducao;listas;provas;recursivas;sobre,2544,winner_score=1.58
MF,exercicioscorrecaoinducaomatematica,C-filho,especificacao-de-funcoes-recursivas,1.2.3,linguagens-de-especificacao-e-logicas,1.2,9.086,0.0,0,0,7,equacionais;equacoes;especificacoes;inducao;listas;provas;recursivas,1972,winner_score=9.09
MF,exerciciosespecificacao-respostas,E-filho,linguagens-de-especificacao-e-logicas,1.2,fundamentos-de-logica-de-primeira-ordem,1.2.1,0.422,4.578,0,0,2,ordem;predicados,5264,winner_score=6.99
MF,exerciciosespecificacao,E-filho,linguagens-de-especificacao-e-logicas,1.2,fundamentos-de-logica-de-primeira-ordem,1.2.1,0.422,4.578,0,0,2,ordem;predicados,3366,winner_score=6.99
MF,exerciciosformalizacaoalgoritmosrecursao2,C-filho,especificacao-de-funcoes-recursivas,1.2.3,linguagens-de-especificacao-e-logicas,1.2,9.086,0.0,0,0,7,algoritmos;como;equacoes;formalizacao;listas;recursivas;sobre,967,winner_score=9.09
MF,exerciciosisabelle2,C-filho,provadores-de-teoremas,1.3.3,abordagens-para-verificacao-formal,1.3,0.159,0.142,0,0,1,prova,2981,winner_score=2.03
MF,logicaproposicional-semantica,C-pai,linguagens-de-especificacao-e-logicas,1.2,fundamentos-de-logica-de-primeira-ordem,1.2.1,0.0,10.392,0,0,1,proposicional,10581,winner_score=10.39
MF,exerciciosformalizacaoalgoritmosrecursao-respostas,C-filho,especificacao-de-funcoes-recursivas,1.2.3,linguagens-de-especificacao-e-logicas,1.2,1.123,0.0,0,0,3,algoritmos;como;formalizacao,1414,winner_score=1.12
MF,formalizacaoalgoritmos-recursao,C-filho,especificacao-de-funcoes-recursivas,1.2.3,linguagens-de-especificacao-e-logicas,1.2,9.906,0.0,0,0,12,algoritmo;algoritmos;como;equacionais;equacoes;especificacoes;formalizacao;formalizando;funcoes;nocao;recursivas;sobre,19315,winner_score=13.10;rotulo-decomposto
MF,formalizacaoalgoritmos-recursao3,C-filho,especificacao-de-funcoes-recursivas,1.2.3,linguagens-de-especificacao-e-logicas,1.2,16.352,0.0,0,0,9,algoritmo;algoritmos;arvores;equacoes;formalizacao;funcoes;polimorficas;recursivas;sobre,2360,winner_score=23.34;rotulo-decomposto
MF,exerciciosisabelle,C-filho,provadores-de-teoremas,1.3.3,abordagens-para-verificacao-formal,1.3,0.994,0.142,0,0,2,prova;teoremas,2561,winner_score=1.64
MF,exerciciosformalizacaoalgoritmosrecursao,C-filho,especificacao-de-funcoes-recursivas,1.2.3,linguagens-de-especificacao-e-logicas,1.2,9.086,0.0,0,0,7,algoritmos;como;equacoes;formalizacao;funcoes;listas;recursivas,2007,winner_score=9.09
MF,arvores,E-pai,provadores-de-teoremas,1.3.3,abordagens-para-verificacao-formal,1.3,0.017,0.907,0,0,0,,1239,winner_score=0.91
MF,listas,E-pai,provadores-de-teoremas,1.3.3,abordagens-para-verificacao-formal,1.3,0.017,0.907,0,0,0,,1447,winner_score=0.91
MF,provas,E-pai,provadores-de-teoremas,1.3.3,abordagens-para-verificacao-formal,1.3,0.017,0.907,0,0,0,,2559,winner_score=0.91
MF,correcaoterminacao,C-filho,correcao-parcial-e-total,2.1.2,logica-de-hoare,2.1,26.655,4.458,1,0,5,algoritmos;correcao;parcial;terminacao;total,12176,winner_score=26.65
MF,exercicioscorrecaoterminacao,C-filho,correcao-parcial-e-total,2.1.2,logica-de-hoare,2.1,18.288,0.142,0,0,2,correcao;terminacao,1686,winner_score=18.29
MF,exerciciosformalizacaoalgoritmosinvariantes,C-filho,invariante-e-variante-de-laco,2.1.3,logica-de-hoare,2.1,18.91,0.142,0,0,5,algoritmos;formalizacao;invariante;invariantes;laco,2179,winner_score=18.91
MF,formalizacaoalgoritmos-invarianteslaco,C-filho,invariante-e-variante-de-laco,2.1.3,logica-de-hoare,2.1,15.632,0.108,0,0,5,algoritmos;formalizacao;invariante;invariantes;laco,28628,winner_score=29.24;rotulo-decomposto
MF,logicadehoare,C-pai,logica-de-hoare,2.1,pre-e-pos-condicoes,2.1.1,12.627,1.39,1,1,1,condicoes,19135,winner_score=12.63
MF,logicadehoare2,C-pai,logica-de-hoare,2.1,pre-e-pos-condicoes,2.1.1,5.06,0.017,0,1,0,,5913,winner_score=10.89;rotulo-decomposto
MF,exercicioslogicatemporal,C-pai,fundamentos-de-logicas-temporais,3.2,logica-temporal-linear,3.2.1,0.0,8.366,0,0,2,modelos;temporal,5153,winner_score=8.37
MF,classes-parte1,C-filho,pre-e-pos-condicoes,2.1.1,logica-de-hoare,2.1,0.017,0.0,0,0,0,,1311,winner_score=0.94
MF,hoare,E-filho,logica-de-hoare,2.1,correcao-parcial-e-total,2.1.2,0.108,3.488,0,0,1,correcao,539,winner_score=3.49
MF,invariantes,C-filho,invariante-e-variante-de-laco,2.1.3,logica-de-hoare,2.1,8.106,0.0,0,0,2,invariantes;laco,323,winner_score=8.11
MF,exerciciosformalizacaoalgoritmosrecursao3-respostas,C-filho,especificacao-de-funcoes-recursivas,1.2.3,linguagens-de-especificacao-e-logicas,1.2,8.726,0.0,0,0,5,algoritmos;equacoes;formalizacao;listas;recursivas,1028,winner_score=8.73
MF,logicadehoare-exercicios-respostas,C-pai,logica-de-hoare,2.1,pre-e-pos-condicoes,2.1.1,23.762,0.017,0,1,0,,3298,winner_score=23.76
ES2,servicos,C-filho,orientada-a-servicos,1.3.3,estilos-e-padroes-arquiteturais,1.3,17.606,0.108,1,0,3,arquitetura;orientada;servicos,22031,winner_score=17.61
ES2,web,C-filho,cliente-servidor,1.3.2,estilos-e-padroes-arquiteturais,1.3,10.18,0.907,1,0,2,cliente;servidor,19106,winner_score=10.18
CG,csg,C-filho,geometria-solida-construtiva-csg,7.2.3,tecnicas-de-modelagem-3d,7.2,6.22,0.122,1,0,4,construtiva;csg;geometria;solida,8644,winner_score=6.22
CG,modelagem3d,C-pai,formas-de-representacao,7.1,representacao-de-curvas-parametricas,7.1.1,1.325,0.142,0,0,0,,11071,winner_score=5.78
CG,exerciciodemodelagem,C-filho,varredura,7.2.2,tecnicas-de-modelagem-3d,7.2,0.017,0.965,0,0,0,,5397,winner_score=0.96
CG,elemoculto,C-pai,algoritmos-de-remocao-de-elementos-ocultos,6.4,eliminacao-de-faces-traseiras,6.4.1,1.483,1.512,0,0,3,eliminacao;faces;traseiras,32312,winner_score=10.18
CG,exemplozbuffer,C-filho,algoritmo-z-buffer,6.4.3,algoritmos-de-remocao-de-elementos-ocultos,6.4,0.142,0.0,0,0,1,buffer,2942,winner_score=0.14
CG,recorte,C-filho,recorte,4.2.3,algoritmos-de-rasterizacao,4.2,14.16,0.0,1,0,1,recorte,8096,winner_score=14.16
CG,vis2d,C-pai,sistema-de-coordenadas-cartesianas,4.1,2d-3d-mao-direita-e-mao-esquerda,4.1.1,0.907,0.125,0,0,1,2d,5932,winner_score=9.46
CG,bezier-animacao,C-filho,bezier-e-algoritmo-de-casteljau,7.1.1.1,representacao-de-curvas-parametricas,7.1.1,0.125,0.125,0,0,1,bezier,1978,winner_score=10.95;rotulo-decomposto
CG,bezier-cpp,C-filho,bezier-e-algoritmo-de-casteljau,7.1.1.1,representacao-de-curvas-parametricas,7.1.1,0.125,0.125,0,0,1,bezier,1856,winner_score=10.95;rotulo-decomposto
CG,bezier-py,C-filho,bezier-e-algoritmo-de-casteljau,7.1.1.1,representacao-de-curvas-parametricas,7.1.1,0.125,0.125,0,0,1,bezier,1858,winner_score=10.95;rotulo-decomposto
CG,bezier-python,C-filho,bezier-e-algoritmo-de-casteljau,7.1.1.1,representacao-de-curvas-parametricas,7.1.1,0.125,0.125,0,0,1,bezier,1889,winner_score=10.95;rotulo-decomposto
CG,curvas,C-filho,representacao-de-curvas-parametricas,7.1.1,formas-de-representacao,7.1,1.512,1.325,0,0,2,curvas;parametricas,12510,winner_score=4.84
CG,curvasparametricas,C-filho,representacao-de-curvas-parametricas,7.1.1,formas-de-representacao,7.1,2.32,1.325,1,0,2,curvas;parametricas,23687,secao-nomeia-subtopico
CG,video-sobre-o-algoritmo-de-recorte-por-subdivisao-binaria-db7e2e,C-filho,recorte,4.2.3,algoritmos-de-rasterizacao,4.2,13.26,0.0,1,0,1,recorte,422,winner_score=13.26
CG,pagina-com-videos-sobre-recorte-e257d3,C-filho,recorte,4.2.3,algoritmos-de-rasterizacao,4.2,14.16,0.0,1,0,1,recorte,275,winner_score=14.16
CG,pagina-com-videos-sobre-curvas-parametricas-63d902,E-filho,representacao-de-curvas-parametricas,7.1.1,hermite,7.1.1.2,0.936,4.84,1,0,1,hermite,1670,winner_score=4.84
CG,paginas-com-videos-sobre-modelagem-geometrica-f2614a,E-filho,tecnicas-de-modelagem-3d,7.2,geometria-solida-construtiva-csg,7.2.3,0.907,5.38,1,0,3,construtiva;geometria;solida,1391,winner_score=8.58;rotulo-decomposto
CG,pagina-com-videos-sobre-remocao-de-elementos-ocultos-20c34a,C-pai,algoritmos-de-remocao-de-elementos-ocultos,6.4,eliminacao-de-faces-traseiras,6.4.1,1.483,0.936,0,0,2,faces;traseiras,865,winner_score=12.72;rotulo-decomposto
FR,tcp-chat-c,E-pai,implementacao-de-sockets,2.2.1,paradigmas-clienteservidor-e-p2p,2.2,0.017,0.907,0,0,0,,495,winner_score=0.91
FR,tcp-example,E-pai,implementacao-de-sockets,2.2.1,paradigmas-clienteservidor-e-p2p,2.2,0.017,0.907,0,0,0,,489,winner_score=0.91
FR,udp-example-c,E-pai,implementacao-de-sockets,2.2.1,paradigmas-clienteservidor-e-p2p,2.2,0.017,0.907,0,0,0,,937,winner_score=0.91
FR,udp-example-java,E-pai,implementacao-de-sockets,2.2.1,paradigmas-clienteservidor-e-p2p,2.2,0.017,0.907,0,0,0,,1077,winner_score=0.91
