curso,entry_id,bloco,unidade,sub_aceito,sub_primario,pred_bloco,pred_unidade,pred_sub
MF,eth2,1,0,,,bloco-01,unidade-01-metodos-formais,abordagens-para-verificacao-formal
MF,aws-encryption-sdk,1,0,,,bloco-01,unidade-01-metodos-formais,abordagens-para-verificacao-formal
MF,archive-of-formal-proofs-355fb8,1,1,0,0,bloco-01,unidade-01-metodos-formais,abordagens-para-verificacao-formal
MF,exerciciosformalizacaoalgoritmosrecursao3,1,1,1,1,bloco-04,unidade-01-metodos-formais,especificacao-de-funcoes-recursivas
MF,formalizacaoalgoritmos-recursao2,1,1,1,1,bloco-04,unidade-01-metodos-formais,especificacao-de-funcoes-recursivas
MF,exerciciosconjuntosindutivos,1,1,1,1,bloco-04,unidade-01-metodos-formais,especificacao-de-conjuntos-indutivos
MF,conjuntosindutivos,1,1,1,1,bloco-04,unidade-01-metodos-formais,especificacao-de-conjuntos-indutivos
MF,logicapredicados-semantica,1,1,1,1,bloco-03,unidade-01-metodos-formais,fundamentos-de-logica-de-primeira-ordem
MF,logicapredicados-sintaxe,1,1,1,1,bloco-03,unidade-01-metodos-formais,fundamentos-de-logica-de-primeira-ordem
MF,logicaproposicional-sintaxe,1,1,1,0,bloco-03,unidade-01-metodos-formais,fundamentos-de-logica-de-primeira-ordem
MF,revisao,0,1,0,0,bloco-04,unidade-01-metodos-formais,especificacao-de-conjuntos-indutivos
MF,introducao,0,1,1,1,bloco-01,unidade-01-metodos-formais,abordagens-para-verificacao-formal
MF,provasindutivas-especificacoesrecursivas,1,1,1,1,bloco-05,unidade-01-metodos-formais,especificacao-de-funcoes-recursivas
MF,provasindutivas-especificacoesrecursivas-arvores,1,1,1,1,bloco-05,unidade-01-metodos-formais,especificacao-de-funcoes-recursivas
MF,provasindutivas-especificacoesrecursivas-listas,1,1,1,1,bloco-05,unidade-01-metodos-formais,especificacao-de-funcoes-recursivas
MF,exercicioscorrecaoinducaomatematica,1,1,1,1,bloco-05,unidade-01-metodos-formais,especificacao-de-funcoes-recursivas
MF,exerciciosespecificacao-respostas,1,1,0,0,bloco-03,unidade-01-metodos-formais,fundamentos-de-logica-de-primeira-ordem
MF,exerciciosespecificacao,1,1,0,0,bloco-03,unidade-01-metodos-formais,fundamentos-de-logica-de-primeira-ordem
MF,exerciciosformalizacaoalgoritmosrecursao2,1,1,1,1,bloco-04,unidade-01-metodos-formais,especificacao-de-funcoes-recursivas
MF,exerciciosisabelle2,1,1,1,0,bloco-06,unidade-01-metodos-formais,especificacao-de-funcoes-recursivas
MF,logicaproposicional-semantica,1,1,1,0,bloco-03,unidade-01-metodos-formais,fundamentos-de-logica-de-primeira-ordem
MF,exerciciosformalizacaoalgoritmosrecursao-respostas,0,1,1,1,bloco-03,unidade-01-metodos-formais,especificacao-de-funcoes-recursivas
MF,formalizacaoalgoritmos-recursao,1,1,1,1,bloco-04,unidade-01-metodos-formais,especificacao-de-funcoes-recursivas
MF,formalizacaoalgoritmos-recursao3,1,1,1,1,bloco-04,unidade-01-metodos-formais,especificacao-de-funcoes-recursivas
MF,exerciciosisabelle,1,1,1,0,bloco-06,unidade-01-metodos-formais,especificacao-de-funcoes-recursivas
MF,revisao-p1,1,1,,,bloco-07,unidade-01-metodos-formais,
MF,t1-2026-1,1,0,,,bloco-11,unidade-02-verificacao-de-programas,sistema-de-prova
MF,t1-2026-1-thy,1,0,,,bloco-11,unidade-02-verificacao-de-programas,
MF,exerciciosformalizacaoalgoritmosrecursao,1,1,1,1,bloco-04,unidade-01-metodos-formais,especificacao-de-funcoes-recursivas
MF,revisao-p1-gabarito,1,1,,,bloco-07,unidade-01-metodos-formais,
MF,arvores,1,1,0,0,bloco-05,unidade-01-metodos-formais,abordagens-para-verificacao-formal
MF,exemplos,1,1,0,0,bloco-06,unidade-01-metodos-formais,exemplos-de-aplicacoes
MF,intro,0,1,1,0,bloco-05,unidade-01-metodos-formais,especificacao-de-funcoes-recursivas
MF,listas,1,1,0,0,bloco-05,unidade-01-metodos-formais,abordagens-para-verificacao-formal
MF,provas,1,1,0,0,bloco-06,unidade-01-metodos-formais,abordagens-para-verificacao-formal
MF,correcaoterminacao,1,1,1,1,bloco-11,unidade-02-verificacao-de-programas,correcao-parcial-e-total
MF,exercicioscorrecaoterminacao,1,1,1,1,bloco-11,unidade-02-verificacao-de-programas,correcao-parcial-e-total
MF,exerciciosformalizacaoalgoritmosinvariantes,1,1,1,1,bloco-11,unidade-02-verificacao-de-programas,invariante-e-variante-de-laco
MF,formalizacaoalgoritmos-invarianteslaco,1,1,1,1,bloco-11,unidade-02-verificacao-de-programas,invariante-e-variante-de-laco
MF,logicadehoare,1,1,1,1,bloco-10,unidade-02-verificacao-de-programas,logica-de-hoare
MF,logicadehoare2,1,1,1,0,bloco-10,unidade-02-verificacao-de-programas,invariante-e-variante-de-laco
MF,exerciciosdafny1,1,1,1,0,bloco-12,unidade-02-verificacao-de-programas,verificacao-de-programas
MF,exerciciosdafny2,0,1,1,0,bloco-11,unidade-02-verificacao-de-programas,verificacao-de-programas
MF,exerciciosdafny3,1,1,1,0,bloco-13,unidade-02-verificacao-de-programas,verificacao-de-programas
MF,exerciciosdafny4,1,1,1,0,bloco-13,unidade-02-verificacao-de-programas,verificacao-de-programas
MF,exerciciosdafny5,1,1,1,0,bloco-15,unidade-02-verificacao-de-programas,verificacao-de-programas
MF,verificacaomodelos,1,1,1,1,bloco-16,unidade-03-verificacao-de-modelos,verificacao-de-modelos-model-checking
MF,exercicioslogicatemporal,1,1,1,0,bloco-16,unidade-03-verificacao-de-modelos,logica-temporal-linear
MF,exerciciosnusmv,1,1,1,0,bloco-16,unidade-03-verificacao-de-modelos,verificacao-de-modelos-model-checking
MF,classes-parte1,1,1,1,0,bloco-15,unidade-02-verificacao-de-programas,verificacao-de-programas
MF,colecoes-arrays,1,1,1,0,bloco-13,unidade-02-verificacao-de-programas,verificacao-de-programas
MF,colecoes-conjuntos,1,1,1,0,bloco-13,unidade-02-verificacao-de-programas,verificacao-de-programas
MF,colecoes-sequences,1,1,1,0,bloco-13,unidade-02-verificacao-de-programas,verificacao-de-programas
MF,exercicios-conjuntos,1,1,1,0,bloco-13,unidade-02-verificacao-de-programas,verificacao-de-programas
MF,hoare,1,1,0,0,bloco-10,unidade-02-verificacao-de-programas,correcao-parcial-e-total
MF,introducao-zip,0,1,1,0,bloco-10,unidade-02-verificacao-de-programas,verificacao-de-programas
MF,invariantes,1,1,1,1,bloco-11,unidade-02-verificacao-de-programas,invariante-e-variante-de-laco
MF,terminacao,1,1,0,0,bloco-12,unidade-02-verificacao-de-programas,
MF,tiposindutivos,1,1,0,0,bloco-15,unidade-02-verificacao-de-programas,verificacao-de-programas
MF,exemplos-zip,1,1,1,0,bloco-16,unidade-03-verificacao-de-modelos,verificacao-de-modelos-model-checking
MF,exerciciosformalizacaoalgoritmosrecursao3-respostas,1,1,1,1,bloco-04,unidade-01-metodos-formais,especificacao-de-funcoes-recursivas
MF,plano,1,1,,,bloco-01,unidade-01-metodos-formais,
MF,t2-2026-1,0,0,,,bloco-18,unidade-03-verificacao-de-modelos,modelos-de-kripke
MF,classes-parte2,1,1,1,1,bloco-15,unidade-02-verificacao-de-programas,verificacao-de-programas
MF,exercicios-arrays,1,1,1,0,bloco-13,unidade-02-verificacao-de-programas,verificacao-de-programas
MF,logicadehoare-exercicios-respostas,1,1,1,1,bloco-10,unidade-02-verificacao-de-programas,logica-de-hoare
SO,0206-laminas-gerencia-de-i-o-livro-texto,1,1,,,bloco-16,unidade-05-gerencia-de-memoria,paginacao
SO,0205-laminas-segmentacao,1,1,,,bloco-16,unidade-05-gerencia-de-memoria,segmentacao
SO,1205-laminas-gerencia-de-memoria,1,1,,,bloco-13,unidade-05-gerencia-de-memoria,paginacao
SO,2105-laminas-paginacao,1,1,,,bloco-16,unidade-05-gerencia-de-memoria,paginacao
SO,2403-escalonamento-de-processos,1,1,1,1,bloco-04,unidade-02-gerencia-do-processador,escalonamento
SO,2603-algoritmos-de-escalonamento,1,1,1,1,bloco-04,unidade-02-gerencia-do-processador,algoritmos-de-escalonamento
SO,exercicios,1,1,0,0,bloco-04,unidade-02-gerencia-do-processador,
SO,apresentacao-da-disciplina,1,1,,,bloco-01,unidade-01-introducao-ao-estudo-de-sistemas-operacionais,
SO,lista-exercicios-p1-gabarito,1,1,,,bloco-09,unidade-03-programacao-concorrente,programas-multithreads
SO,lista-exercicios-p1,1,1,,,bloco-09,unidade-03-programacao-concorrente,programas-multithreads
SO,plano-de-ensino,1,1,,,bloco-01,unidade-01-introducao-ao-estudo-de-sistemas-operacionais,
SO,questoes-do-enade-sobre-sisop,1,1,,,bloco-01,unidade-01-introducao-ao-estudo-de-sistemas-operacionais,chamadas-de-sistema
SO,definicao-e-historico,0,1,1,0,,unidade-01-introducao-ao-estudo-de-sistemas-operacionais,servicos-dos-sistemas-operacionais
SO,1203-processos,1,1,1,1,bloco-03,unidade-01-introducao-ao-estudo-de-sistemas-operacionais,chamadas-de-sistema
SO,1703-chamada-de-sistema,1,1,1,1,bloco-03,unidade-01-introducao-ao-estudo-de-sistemas-operacionais,chamadas-de-sistema
SO,1903-estruturas-de-controle,1,1,0,0,bloco-04,unidade-02-gerencia-do-processador,escalonamento
SO,exemplo-criacao-de-processos-no-unix-linux-filho,1,1,1,1,bloco-03,unidade-01-introducao-ao-estudo-de-sistemas-operacionais,chamadas-de-sistema
SO,exemplo-criacao-de-processos-no-unix-linux-teste01,1,1,1,1,bloco-03,unidade-01-introducao-ao-estudo-de-sistemas-operacionais,chamadas-de-sistema
SO,exemplo-criacao-de-processos-no-unix-linux-teste02,1,1,1,1,bloco-03,unidade-01-introducao-ao-estudo-de-sistemas-operacionais,chamadas-de-sistema
SO,exemplo-criacao-de-processos-no-unix-linux-teste03,1,1,1,1,bloco-03,unidade-01-introducao-ao-estudo-de-sistemas-operacionais,chamadas-de-sistema
SO,0704-laminas-comunicacao-e-sincronizacao,1,0,,,bloco-06,unidade-04-deadlock,
SO,0904-laminas-semaforos,1,0,,,bloco-06,unidade-04-deadlock,
SO,14-04-troca-de-mensagens,1,,,,bloco-07,unidade-02-gerencia-do-processador,escalonamento
SO,1404-laminas-ipc,1,,,,bloco-07,unidade-02-gerencia-do-processador,escalonamento
SO,laminas-cs-4244-internet-programming-sockets-programming,0,0,,,bloco-06,unidade-04-deadlock,
SO,laminas-sockets-material-alternativo-em-pt,0,0,,,bloco-06,unidade-04-deadlock,
SO,0704-exemplo-threads-em-java,1,0,,,bloco-06,unidade-04-deadlock,conceitos-basicos
SO,3103-threads,1,0,0,0,bloco-04,unidade-02-gerencia-do-processador,escalonamento
SO,biblioteca-em-c-pthread,1,0,,,bloco-04,unidade-02-gerencia-do-processador,escalonamento
SO,exemplo-threads-em-c-exemplo1,1,0,0,0,bloco-04,unidade-02-gerencia-do-processador,escalonamento
SO,exemplo-threads-em-c-exemplo2,1,0,0,0,bloco-04,unidade-02-gerencia-do-processador,escalonamento
SO,exemplo-threads-em-c-exemplo3,1,0,0,0,bloco-04,unidade-02-gerencia-do-processador,escalonamento
SO,0206-laminas-mecanismos-de-interrupcao,1,1,,,bloco-16,unidade-05-gerencia-de-memoria,paginacao
SO,0206-laminas-memoria-virtual-livro-texto,1,1,,,bloco-16,unidade-05-gerencia-de-memoria,paginacao
SO,2306-laminas-gerencia-de-arquivos,1,1,,,bloco-20,unidade-06-gerencia-de-arquivos,arquivos
SO,2306-laminas-laminas-armazenamento-em-massa,1,1,,,bloco-20,unidade-06-gerencia-de-arquivos,arquivos
SO,exercicios-p2,1,1,,,bloco-20,unidade-06-gerencia-de-arquivos,arquivos
SO,lista-exercicios-p2,1,1,,,bloco-20,unidade-06-gerencia-de-arquivos,arquivos
SO,programa,1,1,,,bloco-01,unidade-01-introducao-ao-estudo-de-sistemas-operacionais,
IA,o-que-é-inteligência-artificial-ia-oracle-brasil-43437f,1,1,,,bloco-01,unidade-de-aprendizagem-01-visao-geral,breve-historico-de-ia
IA,ia-responsável-7c4626,1,1,,,bloco-01,unidade-de-aprendizagem-01-visao-geral,
IA,visao-geral-introducao-e-historico,1,1,,,bloco-02,unidade-de-aprendizagem-01-visao-geral,conceituacao
IA,rede-perceptron,1,1,0,0,bloco-05,unidade-de-aprendizagem-05-aprendizado-de-maquina,introducao-ao-aprendizado-de-maquina
IA,mlp,1,1,0,0,bloco-05,unidade-de-aprendizagem-05-aprendizado-de-maquina,introducao-ao-aprendizado-de-maquina
IA,arvores-de-decisao,1,1,0,0,bloco-05,unidade-de-aprendizagem-05-aprendizado-de-maquina,introducao-ao-aprendizado-de-maquina
IA,aula-sobre-agrupamento-parte-1-particional,1,1,0,0,bloco-07,unidade-de-aprendizagem-05-aprendizado-de-maquina,introducao-ao-aprendizado-de-maquina
IA,aula-sobre-agrupamento-parte-2-hierarquico,1,1,0,0,bloco-07,unidade-de-aprendizagem-05-aprendizado-de-maquina,introducao-ao-aprendizado-de-maquina
IA,caracteristicas-dos-dados,1,1,1,1,bloco-04,unidade-de-aprendizagem-05-aprendizado-de-maquina,introducao-ao-aprendizado-de-maquina
IA,introducao-a-ml,1,1,1,1,bloco-03,unidade-de-aprendizagem-05-aprendizado-de-maquina,introducao-ao-aprendizado-de-maquina
IA,algoritmo-de-classificacao-k-nn,1,1,0,0,bloco-05,unidade-de-aprendizagem-05-aprendizado-de-maquina,introducao-ao-aprendizado-de-maquina
IA,analise-exploratoria-dos-dados-exemplo-2,1,1,1,1,bloco-04,unidade-de-aprendizagem-05-aprendizado-de-maquina,introducao-ao-aprendizado-de-maquina
IA,artigo-usando-k-nn-em-texto,1,1,0,0,bloco-05,unidade-de-aprendizagem-05-aprendizado-de-maquina,introducao-ao-aprendizado-de-maquina
IA,exemplo-de-programa-com-k-nn-em-java,1,1,0,0,bloco-05,unidade-de-aprendizagem-05-aprendizado-de-maquina,introducao-ao-aprendizado-de-maquina
IA,introducao-a-redes-neurais,1,1,0,0,bloco-05,unidade-de-aprendizagem-05-aprendizado-de-maquina,introducao-ao-aprendizado-de-maquina
IA,rede-perceptron-e-equacao-de-reta,1,1,0,0,bloco-05,unidade-de-aprendizagem-05-aprendizado-de-maquina,introducao-ao-aprendizado-de-maquina
IA,como-analisar-resultados-acc-pr-re-e-f1,1,1,0,0,bloco-05,unidade-de-aprendizagem-05-aprendizado-de-maquina,introducao-ao-aprendizado-de-maquina
IA,agrupamento-usando-k-means-exemplo-1-ipynb,1,1,0,0,bloco-07,unidade-de-aprendizagem-05-aprendizado-de-maquina,introducao-ao-aprendizado-de-maquina
IA,agrupamento-usando-k-means-exemplo-2-ipynb,1,1,0,0,bloco-07,unidade-de-aprendizagem-05-aprendizado-de-maquina,introducao-ao-aprendizado-de-maquina
IA,artigo-usando-agrupamento,1,1,0,0,bloco-07,unidade-de-aprendizagem-05-aprendizado-de-maquina,introducao-ao-aprendizado-de-maquina
IA,survey-on-clustering,1,1,0,0,bloco-07,unidade-de-aprendizagem-05-aprendizado-de-maquina,introducao-ao-aprendizado-de-maquina
IA,analise-exploratoria-de-dados-exemplo-1,0,1,1,1,bloco-05,unidade-de-aprendizagem-05-aprendizado-de-maquina,introducao-ao-aprendizado-de-maquina
IA,exemplo-2-k-nn-com-iriscsv-mais-completo,1,1,0,0,bloco-05,unidade-de-aprendizagem-05-aprendizado-de-maquina,introducao-ao-aprendizado-de-maquina
IA,exemplo-com-k-nn,1,1,0,0,bloco-05,unidade-de-aprendizagem-05-aprendizado-de-maquina,introducao-ao-aprendizado-de-maquina
IA,exercicio-2-solucao-com-rede-perceptron-atualizado,1,1,0,0,bloco-05,unidade-de-aprendizagem-05-aprendizado-de-maquina,introducao-ao-aprendizado-de-maquina
IA,k-nn-para-classificacao-exemplo-cardio,1,1,0,0,bloco-05,unidade-de-aprendizagem-05-aprendizado-de-maquina,introducao-ao-aprendizado-de-maquina
IA,k-nn-para-regressao-exemplo-imc,1,1,0,0,bloco-05,unidade-de-aprendizagem-05-aprendizado-de-maquina,introducao-ao-aprendizado-de-maquina
IA,rede-perceptron-classificacao-planta-iris,1,1,0,0,bloco-05,unidade-de-aprendizagem-05-aprendizado-de-maquina,introducao-ao-aprendizado-de-maquina
IA,rede-perceptron-classificacao-de-cliente,1,1,0,0,bloco-05,unidade-de-aprendizagem-05-aprendizado-de-maquina,introducao-ao-aprendizado-de-maquina
IA,rede-perceptron-exemplo-atualizado,1,1,0,0,bloco-05,unidade-de-aprendizagem-05-aprendizado-de-maquina,introducao-ao-aprendizado-de-maquina
IA,rede-perceptron-or-em-python,1,1,0,0,bloco-05,unidade-de-aprendizagem-05-aprendizado-de-maquina,introducao-ao-aprendizado-de-maquina
IA,rede-perceptron-reconhecendo-letras,1,1,0,0,bloco-05,unidade-de-aprendizagem-05-aprendizado-de-maquina,introducao-ao-aprendizado-de-maquina
IA,mlp-xoripynb,1,1,0,0,bloco-05,unidade-de-aprendizagem-05-aprendizado-de-maquina,introducao-ao-aprendizado-de-maquina
IA,mlp-classificacao-inadimplencia-normalizacao-e-gridsearchcv,1,1,0,0,bloco-05,unidade-de-aprendizagem-05-aprendizado-de-maquina,introducao-ao-aprendizado-de-maquina
IA,mlp-classificacao-iris-atualizado,1,1,0,0,bloco-05,unidade-de-aprendizagem-05-aprendizado-de-maquina,introducao-ao-aprendizado-de-maquina
IA,mlp-regressao-cardio,1,1,0,0,bloco-05,unidade-de-aprendizagem-05-aprendizado-de-maquina,introducao-ao-aprendizado-de-maquina
IA,xor-backpropagation-em-python,1,1,0,0,bloco-05,unidade-de-aprendizagem-05-aprendizado-de-maquina,introducao-ao-aprendizado-de-maquina
IA,exemplo-1-arvores-de-decisao-classificacao-planta-iris,1,1,0,0,bloco-05,unidade-de-aprendizagem-05-aprendizado-de-maquina,introducao-ao-aprendizado-de-maquina
IA,exemplo-2-arvores-de-decisao-regressao-diabetes,1,1,0,0,bloco-05,unidade-de-aprendizagem-05-aprendizado-de-maquina,introducao-ao-aprendizado-de-maquina
IA,exemplo-complementar-classificacao-com-arvores-de-decisao,1,1,1,0,bloco-05,unidade-de-aprendizagem-05-aprendizado-de-maquina,metricas-de-avaliacao
IA,agrupamento-hierarquico-exemplo-1,1,1,0,0,bloco-07,unidade-de-aprendizagem-05-aprendizado-de-maquina,introducao-ao-aprendizado-de-maquina
IA,agrupamento-hierarquico-exemplo-2-use-o-dataset-da-planta-iris,1,1,0,0,bloco-07,unidade-de-aprendizagem-05-aprendizado-de-maquina,introducao-ao-aprendizado-de-maquina
ES2,revisaoarquiteturapadroes,1,1,1,1,bloco-01,unidade-01-arquitetura-de-software,conceito-de-arquitetura-de-software
ES2,revisao-p1,1,1,,,bloco-04,unidade-01-arquitetura-de-software,estilos-e-padroes-arquiteturais
ES2,microsservicos2,1,1,0,0,bloco-04,unidade-01-arquitetura-de-software,arquitetura-serverless
ES2,microsservicos3,1,1,0,0,bloco-04,unidade-01-arquitetura-de-software,arquitetura-serverless
ES2,roteiro1-introducao,1,1,1,0,bloco-02,unidade-01-arquitetura-de-software,orientada-a-microsservicos
ES2,roteiro2-nameserver,1,1,0,0,bloco-04,unidade-01-arquitetura-de-software,arquitetura-serverless
ES2,servicos,1,1,1,1,bloco-01,unidade-01-arquitetura-de-software,orientada-a-servicos
ES2,web,1,1,1,1,bloco-01,unidade-01-arquitetura-de-software,cliente-servidor
ES2,microsservicos5,1,0,1,0,bloco-08,unidade-02-integracao-de-desenvolvimento-e-operacao-devops,estudo-de-caso-integracao-e-implantacao-de-microsservicos
ES2,microsservicos6,1,1,0,0,bloco-10,unidade-02-integracao-de-desenvolvimento-e-operacao-devops,gerenciamento-da-configuracao
ES2,microsservicos7,1,0,1,1,bloco-09,unidade-02-integracao-de-desenvolvimento-e-operacao-devops,estudo-de-caso-integracao-e-implantacao-de-microsservicos
ES2,roteiro1,1,1,0,0,bloco-02,unidade-01-arquitetura-de-software,
ES2,roteiro2,1,1,0,0,bloco-04,unidade-01-arquitetura-de-software,
ES2,roteiro3,1,1,0,0,bloco-04,unidade-01-arquitetura-de-software,
ES2,roteiro4-circuitbreaker,1,1,1,1,bloco-07,unidade-02-integracao-de-desenvolvimento-e-operacao-devops,estudo-de-caso-integracao-e-implantacao-de-microsservicos
ES2,roteiro5,1,1,1,1,bloco-08,unidade-02-integracao-de-desenvolvimento-e-operacao-devops,estudo-de-caso-integracao-e-implantacao-de-microsservicos
ES2,roteiro5-conteiners,1,1,1,1,bloco-08,unidade-02-integracao-de-desenvolvimento-e-operacao-devops,estudo-de-caso-integracao-e-implantacao-de-microsservicos
ES2,roteiro6,,,1,1,bloco-08,unidade-02-integracao-de-desenvolvimento-e-operacao-devops,estudo-de-caso-integracao-e-implantacao-de-microsservicos
ES2,roteiro6-conteiners-composicao,,,1,1,bloco-08,unidade-02-integracao-de-desenvolvimento-e-operacao-devops,estudo-de-caso-integracao-e-implantacao-de-microsservicos
ES2,roteiro7,1,1,1,1,bloco-09,unidade-02-integracao-de-desenvolvimento-e-operacao-devops,estudo-de-caso-integracao-e-implantacao-de-microsservicos
ES2,roteiro7-filas,1,1,1,1,bloco-09,unidade-02-integracao-de-desenvolvimento-e-operacao-devops,estudo-de-caso-integracao-e-implantacao-de-microsservicos
ES2,roteiro7-history-service,1,1,1,1,bloco-09,unidade-02-integracao-de-desenvolvimento-e-operacao-devops,estudo-de-caso-integracao-e-implantacao-de-microsservicos
ES2,roteiro8-autenticacao-autorizacao,1,1,1,1,bloco-10,unidade-02-integracao-de-desenvolvimento-e-operacao-devops,estudo-de-caso-integracao-e-implantacao-de-microsservicos
ES2,plano,1,1,,,bloco-01,unidade-01-arquitetura-de-software,
ES2,microsservicos,1,1,0,0,bloco-01,unidade-01-arquitetura-de-software,arquitetura-serverless
ES2,azure,0,0,,,bloco-08,unidade-02-integracao-de-desenvolvimento-e-operacao-devops,estudo-de-caso-integracao-e-implantacao-de-microsservicos
ES2,microsservicos4,1,0,1,1,bloco-07,unidade-02-integracao-de-desenvolvimento-e-operacao-devops,estudo-de-caso-integracao-e-implantacao-de-microsservicos
ES2,roteiro3-gateway,1,1,0,0,bloco-04,unidade-01-arquitetura-de-software,arquitetura-serverless
ES2,devops,1,1,0,0,bloco-12,unidade-02-integracao-de-desenvolvimento-e-operacao-devops,integracao-continua-ci
ES2,kubernetes,,,0,0,bloco-12,unidade-02-integracao-de-desenvolvimento-e-operacao-devops,
ES2,roteiro4,1,1,1,1,bloco-07,unidade-02-integracao-de-desenvolvimento-e-operacao-devops,estudo-de-caso-integracao-e-implantacao-de-microsservicos
TCC,aula-17-complexidade-de-tempo-classes-p-e-np,1,1,,,bloco-19,unidade-04-hierarquia-de-classes-de-complexidade-de-problemas-computacionais,hierarquia-de-classes-de-complexidade-de-problemas
TCC,plano-de-ensino,1,1,,,bloco-01,unidade-01-conjuntos-enumeraveis-e-funcoes-recursivas,
TCC,aula-17-np-completude-pdf,1,1,,,bloco-19,unidade-04-hierarquia-de-classes-de-complexidade-de-problemas-computacionais,reducao-polinomial-de-problemas
TCC,trabalho-t2-enunciado,1,,,,bloco-25,unidade-04-hierarquia-de-classes-de-complexidade-de-problemas-computacionais,provas-de-np-completude
TCC,3dm-caetano-gabriel-e-gustavo,1,,,,bloco-25,unidade-04-hierarquia-de-classes-de-complexidade-de-problemas-computacionais,definicao-da-classe
TCC,cubic-3-edge-coloring,1,,,,bloco-25,unidade-04-hierarquia-de-classes-de-complexidade-de-problemas-computacionais,reducao-polinomial-de-problemas
TCC,programacao-inteira-01-20260617-154423-0000,1,,,,bloco-25,unidade-04-hierarquia-de-classes-de-complexidade-de-problemas-computacionais,reducao-polinomial-de-problemas
TCC,aula-04-funcoes-computaveis-funcoes-recursivas-parciais-pdf,1,1,1,1,bloco-03,unidade-01-conjuntos-enumeraveis-e-funcoes-recursivas,funcoes-recursivas-primitivas-e-funcoes-recursivas-parciais
TCC,t1-enunciado,0,,1,1,,unidade-01-conjuntos-enumeraveis-e-funcoes-recursivas,funcoes-recursivas-primitivas-e-funcoes-recursivas-parciais
TCC,aula-07-maquinas-de-turing-e-linguagens-recursivamente-enumeraveis,1,1,1,1,bloco-06,unidade-02-turing-computabilidade,maquinas-de-turing
TCC,aula-08-maquinas-de-turing-como-processadoras-de-funcoes,1,1,1,0,bloco-06,unidade-02-turing-computabilidade,maquinas-de-turing
TCC,aula-10-linguagens-reconhecıveis-e-linguagens-decidıveis-pdf,1,1,0,0,bloco-09,unidade-02-turing-computabilidade,maquinas-de-turing
TCC,aula-11-o-problema-da-parada-halting-problem-halteproblem-pdf,1,1,,,bloco-10,unidade-03-problemas-indecidiveis,prova-da-indecidibilidade-do-problema-da-parada
TCC,aula-12-entscheidungsproblem-pdf,1,1,,,bloco-11,unidade-03-problemas-indecidiveis,prova-da-indecidibilidade-do-problema-da-parada
TCC,aula-13-teorema-de-rice-pdf,1,1,,,bloco-12,unidade-03-problemas-indecidiveis,prova-da-indecidibilidade-do-problema-da-parada
TCC,3d-matching,1,,,,bloco-25,unidade-04-hierarquia-de-classes-de-complexidade-de-problemas-computacionais,definicao-da-classe
TCC,integer-programming-0001,1,,,,bloco-25,unidade-04-hierarquia-de-classes-de-complexidade-de-problemas-computacionais,reducao-polinomial-de-problemas
TCC,aula-16-classes-de-problemas-e-complexidade-pdf,1,1,,,bloco-19,unidade-04-hierarquia-de-classes-de-complexidade-de-problemas-computacionais,hierarquia-de-classes-de-complexidade-de-problemas
TCC,aula-01-apresentacao-da-disciplina-revisao-de-teoria-de-conjuntos-e-enumerabilidade,1,1,1,1,bloco-01,unidade-01-conjuntos-enumeraveis-e-funcoes-recursivas,conjuntos-enumeraveis
TCC,aula-02-conjuntos-enumeraveis-e-nao-enumeraveis-argumento-da-diagonalizacao-de-cantor,1,1,1,0,bloco-02,unidade-01-conjuntos-enumeraveis-e-funcoes-recursivas,conjuntos-enumeraveis
TCC,aula-16-exemplo-de-prova-para-revisao,1,,,,bloco-16,unidade-03-problemas-indecidiveis,prova-da-indecidibilidade-do-problema-da-parada
TCC,aula-03-funcoes-recursivas-primitivas-e-composicao-de-funcoes,1,1,1,1,bloco-03,unidade-01-conjuntos-enumeraveis-e-funcoes-recursivas,funcoes-recursivas-primitivas-e-funcoes-recursivas-parciais
TCC,aula-05-minimizacao-de-funcoes-recursivas-parciais,1,1,1,1,bloco-03,unidade-01-conjuntos-enumeraveis-e-funcoes-recursivas,funcoes-recursivas-primitivas-e-funcoes-recursivas-parciais
TCC,aula-06-revisao-alfabeto-cadeia-linguagem-hierarquia-de-chomsky-lemas-e-propriedades-de-automatos,1,,0,0,bloco-05,unidade-01-conjuntos-enumeraveis-e-funcoes-recursivas,conjuntos-enumeraveis
TCC,aula-09-variacoes-de-maquinas-de-turing,1,1,0,0,bloco-08,unidade-02-turing-computabilidade,maquinas-de-turing
TCC,aula-14-problema-da-correspondencia-de-post,1,1,,,bloco-13,unidade-03-problemas-indecidiveis,prova-da-indecidibilidade-do-problema-da-parada
TCC,aula-15-teoremas-de-incompletude-de-godel,1,1,,,bloco-14,unidade-03-problemas-indecidiveis,teoremas-de-godel
CG,intro,1,1,1,1,bloco-01,unidade-01-introducao-ao-processamento-grafico,origens
CG,origensdacomputacaografica,1,1,1,1,bloco-01,unidade-01-introducao-ao-processamento-grafico,origens
CG,segmentacaopptx,,1,1,1,bloco-07,unidade-03-processamento-de-imagens-e-visao-computacional,segmentacao
CG,segmentacaodetexturas,,1,1,1,bloco-07,unidade-03-processamento-de-imagens-e-visao-computacional,segmentacao
CG,morfologiamatematicapptx,1,1,1,1,bloco-08,unidade-03-processamento-de-imagens-e-visao-computacional,segmentacao
CG,csg,1,1,1,1,bloco-15,unidade-07-representacao-e-modelagem-de-objetos,geometria-solida-construtiva-csg
CG,modelagem3d,1,1,1,0,bloco-15,unidade-07-representacao-e-modelagem-de-objetos,representacao-aramada
CG,atividade,,0,0,0,bloco-19,unidade-04-processo-de-visualizacao-2d,sistema-de-coordenadas-cartesianas
CG,basico3d-py,,1,1,0,bloco-18,unidade-06-processo-de-visualizacao-3d,pipeline-de-visualizacao-3d
CG,opengl3d,,1,0,0,bloco-18,unidade-06-processo-de-visualizacao-3d,perspectiva
CG,opengl3dcpp-vdi,,1,0,0,bloco-18,unidade-06-processo-de-visualizacao-3d,algoritmo-z-buffer
CG,opengl3dcpp,,1,0,0,bloco-18,unidade-06-processo-de-visualizacao-3d,algoritmo-z-buffer
CG,vis3d,,1,0,0,bloco-18,unidade-06-processo-de-visualizacao-3d,
CG,basico3d-cpp,0,0,0,0,bloco-05,unidade-02-fundamentos-matematicos,operacoes-com-vetores
CG,basico3d-py-zip,0,0,0,0,bloco-05,unidade-02-fundamentos-matematicos,operacoes-com-vetores
CG,exerciciodemodelagem,1,1,1,0,bloco-15,unidade-07-representacao-e-modelagem-de-objetos,tecnicas-de-modelagem-3d
CG,elemoculto,1,1,1,0,bloco-20,unidade-06-processo-de-visualizacao-3d,algoritmo-z-buffer
CG,exemplozbuffer,1,1,1,1,bloco-20,unidade-06-processo-de-visualizacao-3d,algoritmo-z-buffer
CG,iluminacao,,1,1,0,bloco-21,unidade-08-sintese-de-imagens-realisticas,modelos-de-reflexao-ambiente-difusa-especular
CG,programabasico3d,,1,0,0,bloco-21,unidade-08-sintese-de-imagens-realisticas,metodos-de-sombreamento-flat-gouraud-phong
CG,maptextures,,0,,,bloco-06,unidade-04-processo-de-visualizacao-2d,sistema-de-coordenadas-cartesianas
CG,exercicios,,1,1,1,bloco-02,unidade-01-introducao-ao-processamento-grafico,aplicacoes
CG,opengl-cpp,,1,1,1,bloco-02,unidade-01-introducao-ao-processamento-grafico,aplicacoes
CG,opengl-py,,1,1,1,bloco-02,unidade-01-introducao-ao-processamento-grafico,aplicacoes
CG,openglbasico,,1,1,1,bloco-02,unidade-01-introducao-ao-processamento-grafico,aplicacoes
CG,texturas-v3,,0,,,bloco-02,unidade-01-introducao-ao-processamento-grafico,aplicacoes
CG,exemplodemanipulacaodeimagens,1,0,,,bloco-03,unidade-02-fundamentos-matematicos,operacoes-com-vetores
CG,exercicio-com-animacao,1,1,0,0,bloco-03,unidade-02-fundamentos-matematicos,algoritmos-de-poligonos
CG,exercicio-com-poligonos,1,1,1,1,bloco-03,unidade-02-fundamentos-matematicos,algoritmos-de-poligonos
CG,exercicio-de-animacao-foguete,1,1,1,0,bloco-03,unidade-02-fundamentos-matematicos,algoritmos-de-poligonos
CG,fundamentosmatematicos,1,1,1,0,bloco-03,unidade-02-fundamentos-matematicos,operacoes-com-vetores
CG,matematica,1,1,0,0,bloco-03,unidade-02-fundamentos-matematicos,
CG,colisao,1,1,1,1,bloco-04,unidade-02-fundamentos-matematicos,algoritmos-de-deteccao-e-calculo-de-interseccao
CG,geomcomp,,1,1,1,bloco-05,unidade-02-fundamentos-matematicos,algoritmos-de-geometria-computacional
CG,animacao-v2,1,1,0,0,bloco-06,unidade-04-processo-de-visualizacao-2d,desenho-de-linhas
CG,exercicios-teoricos-sobre-processo-de-visualizacao-2d,1,1,0,0,bloco-06,unidade-04-processo-de-visualizacao-2d,desenho-de-linhas
CG,instanciamento,1,1,0,0,bloco-06,unidade-04-processo-de-visualizacao-2d,sistema-de-coordenadas-cartesianas
CG,mapeamento,1,1,0,0,bloco-06,unidade-04-processo-de-visualizacao-2d,recorte
CG,pagina-com-videos-sobre-instanciamento,1,1,0,0,bloco-06,unidade-04-processo-de-visualizacao-2d,desenho-de-linhas
CG,recorte,1,1,1,1,bloco-06,unidade-04-processo-de-visualizacao-2d,recorte
CG,transformacoesgeometricas,1,1,0,0,bloco-06,unidade-04-processo-de-visualizacao-2d,desenho-de-linhas
CG,transformacoesgl,1,1,0,0,bloco-06,unidade-04-processo-de-visualizacao-2d,sistema-de-coordenadas-cartesianas
CG,vis2d,1,1,1,0,bloco-06,unidade-04-processo-de-visualizacao-2d,recorte
CG,bezier-animacao,1,1,1,1,bloco-13,unidade-07-representacao-e-modelagem-de-objetos,bezier-e-algoritmo-de-casteljau
CG,bezier-cpp,1,1,1,1,bloco-13,unidade-07-representacao-e-modelagem-de-objetos,bezier-e-algoritmo-de-casteljau
CG,bezier-py,1,1,1,1,bloco-13,unidade-07-representacao-e-modelagem-de-objetos,bezier-e-algoritmo-de-casteljau
CG,bezier-python,1,1,1,1,bloco-13,unidade-07-representacao-e-modelagem-de-objetos,bezier-e-algoritmo-de-casteljau
CG,curvas,1,1,1,0,bloco-13,unidade-07-representacao-e-modelagem-de-objetos,hermite
CG,curvasparametricas,1,1,1,1,bloco-13,unidade-07-representacao-e-modelagem-de-objetos,representacao-de-curvas-parametricas
CG,exercicios-sobre-curvas,1,1,0,0,bloco-13,unidade-07-representacao-e-modelagem-de-objetos,hermite
CG,floodfill,,1,0,0,bloco-07,unidade-03-processamento-de-imagens-e-visao-computacional,cores-e-tipos-de-imagens
CG,img,,1,1,1,bloco-07,unidade-03-processamento-de-imagens-e-visao-computacional,cores-e-tipos-de-imagens
CG,remocaoderuido,,1,0,0,bloco-07,unidade-03-processamento-de-imagens-e-visao-computacional,cores-e-tipos-de-imagens
CG,exercicios-de-processamento-de-imagens,1,1,1,0,bloco-07,unidade-03-processamento-de-imagens-e-visao-computacional,cores-e-tipos-de-imagens
CG,introducaoprocimg,1,1,1,1,bloco-07,unidade-03-processamento-de-imagens-e-visao-computacional,filtros
CG,exercicios-de-geometria-computacional,,1,1,1,,unidade-02-fundamentos-matematicos,algoritmos-de-geometria-computacional
CG,exercicios-sobre-curvas-html,,0,0,0,,unidade-02-fundamentos-matematicos,
CG,exercicios-teoricos-sobre-processo-de-visualizacao-2d-html,,1,0,0,,unidade-04-processo-de-visualizacao-2d,desenho-de-linhas
CG,exerciciosfundamentosmatematicos,,1,1,0,,unidade-02-fundamentos-matematicos,operacoes-com-vetores
CG,resolucao-de-prova-de-computacao-grafica-2d,,0,,,,unidade-08-sintese-de-imagens-realisticas,conceitos-basicos-de-ray-tracing-e-radiosidade
CG,listadeexercicios2026-1,,1,,,bloco-21,unidade-08-sintese-de-imagens-realisticas,modelos-de-reflexao-ambiente-difusa-especular
CG,cronograma2026-2,,1,,,bloco-01,unidade-01-introducao-ao-processamento-grafico,
CG,planodeensino-4645z-04-fundamentos-de-computacao-grafica,,1,,,bloco-01,unidade-01-introducao-ao-processamento-grafico,
CG,videoscg-v2,,1,,,,unidade-08-sintese-de-imagens-realisticas,mapeamento-de-textura
CG,resolucao-de-prova-de-computacao-grafica-2d-html,,0,,,,unidade-08-sintese-de-imagens-realisticas,conceitos-basicos-de-ray-tracing-e-radiosidade
CG,resolucao-de-prova-de-computacao-grafica-3d,,0,,,,unidade-04-processo-de-visualizacao-2d,recorte
CG,domina,,1,1,1,bloco-05,unidade-02-fundamentos-matematicos,algoritmos-de-geometria-computacional
CG,planesweep,,1,1,1,bloco-05,unidade-02-fundamentos-matematicos,algoritmos-de-geometria-computacional
CG,slab,,1,1,1,bloco-05,unidade-02-fundamentos-matematicos,algoritmos-de-geometria-computacional
CG,exercicioduascores,,1,1,0,bloco-07,unidade-03-processamento-de-imagens-e-visao-computacional,cores-e-tipos-de-imagens
CG,video-sobre-origens-da-computacao-grafica-806e66,,1,1,1,bloco-01,unidade-01-introducao-ao-processamento-grafico,origens
CG,video-com-instrucoes-para-usar-opengl-na-vdi-da-pucrs-3a8758,,1,1,1,bloco-02,unidade-01-introducao-ao-processamento-grafico,aplicacoes
CG,video-sobre-o-algoritmo-de-recorte-por-subdivisao-binaria-db7e2e,,1,1,1,bloco-06,unidade-04-processo-de-visualizacao-2d,recorte
CG,video-sobre-mapeamento-em-opengl-1dad3c,,1,0,0,bloco-06,unidade-04-processo-de-visualizacao-2d,
CG,aula-gravada-975b85,,1,1,1,bloco-08,unidade-03-processamento-de-imagens-e-visao-computacional,segmentacao
CG,video-sobre-prechimento-de-areas-duracao-330-defae7,,0,0,0,bloco-01,unidade-01-introducao-ao-processamento-grafico,areas-relacionadas
CG,video-sobre-prechimento-de-areas-duracao-1300-d87e5f,,1,0,0,bloco-07,unidade-03-processamento-de-imagens-e-visao-computacional,cores-e-tipos-de-imagens
CG,pagina-com-videos-sobre-fundamentos-matematicos-para-computacao-grafica-d1d4a9,,1,0,0,bloco-03,unidade-02-fundamentos-matematicos,algoritmos-de-poligonos
CG,videos-sobre-algoritmos-de-detecao-de-colisao-bd7d84,,1,0,0,bloco-04,unidade-02-fundamentos-matematicos,
CG,pagina-com-videos-sobre-geometria-computacional-ebca9a,,1,1,1,bloco-05,unidade-02-fundamentos-matematicos,algoritmos-de-geometria-computacional
CG,pagina-com-videos-sobre-recorte-e257d3,,1,1,1,bloco-06,unidade-04-processo-de-visualizacao-2d,recorte
CG,pagina-com-videos-sobre-mapeamento-9f410e,,1,0,0,bloco-06,unidade-04-processo-de-visualizacao-2d,
CG,pagina-com-videos-sobre-curvas-parametricas-63d902,,1,0,0,bloco-13,unidade-07-representacao-e-modelagem-de-objetos,hermite
CG,pagina-com-videos-sobre-manipulacao-de-imagens-61ddde,,1,1,1,bloco-07,unidade-03-processamento-de-imagens-e-visao-computacional,cores-e-tipos-de-imagens
CG,pagina-com-videos-sobre-introducao-ao-processamento-de-imagens-61f156,,1,1,0,bloco-07,unidade-03-processamento-de-imagens-e-visao-computacional,filtros
CG,pagina-com-videos-sobre-segmentacao-de-imagens-d0627f,,1,1,1,bloco-07,unidade-03-processamento-de-imagens-e-visao-computacional,segmentacao
CG,pagina-com-videos-sobre-segmentacao-por-texturas-e03566,,1,1,1,bloco-07,unidade-03-processamento-de-imagens-e-visao-computacional,segmentacao
CG,pagina-com-videos-sobre-morfologia-matematica-06265a,,1,1,1,bloco-08,unidade-03-processamento-de-imagens-e-visao-computacional,segmentacao
CG,paginas-com-videos-sobre-modelagem-geometrica-f2614a,,1,0,0,bloco-15,unidade-07-representacao-e-modelagem-de-objetos,geometria-solida-construtiva-csg
CG,pagina-com-videos-sobre-visualizacao-3d-35a833,,1,0,0,bloco-18,unidade-06-processo-de-visualizacao-3d,
CG,pagina-com-videos-sobre-remocao-de-elementos-ocultos-20c34a,,1,1,1,bloco-20,unidade-06-processo-de-visualizacao-3d,algoritmos-de-remocao-de-elementos-ocultos
CG,pagina-com-videos-sobre-sintese-de-imagens-realisticas-a6d9ea,,1,1,0,bloco-21,unidade-08-sintese-de-imagens-realisticas,modelos-de-reflexao-ambiente-difusa-especular
CG,pagina-com-videos-sobre-mapeamento-de-texturas-07bbe3,,0,,,bloco-06,unidade-04-processo-de-visualizacao-2d,
FR,01-protocolos-de-rede,,,0,0,bloco-01,unidade-01-introducao-a-redes-de-computadores,modelos-osi-e-tcpip
FR,02-modelos-de-referencia,,,1,1,bloco-02,unidade-01-introducao-a-redes-de-computadores,modelos-osi-e-tcpip
FR,03-tipos-de-redes,,,1,1,bloco-02,unidade-01-introducao-a-redes-de-computadores,conceito-de-protocolo-de-redes-pessoais-locais-metropolitanas-e-de-longa-distancia
FR,unidade1-exercicios,,,0,0,,unidade-01-introducao-a-redes-de-computadores,
FR,04-camada-de-aplicacao,,,0,0,bloco-03,unidade-02-nivel-de-aplicacao,protocolos-de-aplicacao-para-o-usuario-http-https-smtp-pop3-imap
FR,04-protocolo-http,,,0,0,bloco-03,unidade-02-nivel-de-aplicacao,paradigmas-clienteservidor-e-p2p
FR,05-protocolo-dns,,,0,0,bloco-03,unidade-02-nivel-de-aplicacao,protocolos-de-aplicacao-para-o-usuario-http-https-smtp-pop3-imap
FR,06-protocolo-dhcp,,,1,1,bloco-03,unidade-02-nivel-de-aplicacao,protocolos-de-aplicacao-para-infraestrutura-dns-dhcp-snmp-nat
FR,07-protocolos-de-e-mail,,,1,1,bloco-05,unidade-02-nivel-de-aplicacao,protocolos-de-aplicacao-para-o-usuario-http-https-smtp-pop3-imap
FR,08-desenvolvimento-de-aplicacoes,,,0,0,bloco-05,unidade-02-nivel-de-aplicacao,
FR,lista-de-exercicios-1-camada-de-aplicacao,,,1,0,bloco-03,unidade-02-nivel-de-aplicacao,paradigmas-clienteservidor-e-p2p
FR,unidade2-exercicios-dhcp,,,1,1,bloco-03,unidade-02-nivel-de-aplicacao,protocolos-de-aplicacao-para-infraestrutura-dns-dhcp-snmp-nat
FR,unidade2-exercicios-dns,,,1,1,bloco-05,unidade-02-nivel-de-aplicacao,protocolos-de-aplicacao-para-infraestrutura-dns-dhcp-snmp-nat
FR,unidade2-exercicios-http,,,0,0,bloco-03,unidade-02-nivel-de-aplicacao,paradigmas-clienteservidor-e-p2p
FR,tcp-chat-c,,,0,0,bloco-03,unidade-02-nivel-de-aplicacao,paradigmas-clienteservidor-e-p2p
FR,tcp-example,,,0,0,bloco-03,unidade-02-nivel-de-aplicacao,paradigmas-clienteservidor-e-p2p
FR,udp-example-c,,,0,0,bloco-03,unidade-02-nivel-de-aplicacao,paradigmas-clienteservidor-e-p2p
FR,udp-example-java,,,0,0,bloco-03,unidade-02-nivel-de-aplicacao,paradigmas-clienteservidor-e-p2p
